RAW_COUNTRY_DES,ORIGIN_DATA_ID,COUNTRY_DES,COUNTRY_ID,LOAD_TIME
Acumulado,ST_FLX_SALIDA_NACIONALIDAD,Todos los Paises,Total,2024-07-02 08:39:28.858 +0200
Afganistán,AX_INE_EXP_TOURISM_ALL_TODAY,Afganistán,004,2025-01-09 10:43:39.933 +0100
Afghanistan,ST_TRA_VISITORS_ORIGIN,Afghanistan,004,2024-03-05 07:43:34.231 +0100
África del Norte,AX_FLX_BY_COUNTRY_MONTH_ALL_TODAY,África del Norte,99992,2024-07-01 16:00:06.390 +0200
África del Sur,ST_FLX_SALIDA_NACIONALIDAD,Sudáfrica,710,2024-07-02 08:50:18.274 +0200
Åland Islands,ST_TRA_VISITORS_ORIGIN,Åland Islands,248,2024-03-05 07:43:34.231 +0100
Albania,ST_TRA_VISITORS_ORIGIN,Albania,008,2024-03-05 07:43:34.231 +0100
Alemania,ST_FLX_SALIDA_NACIONALIDAD,Alemania,276,2024-03-05 07:44:05.186 +0100
Algeria,ST_TRA_VISITORS_ORIGIN,Algeria,012,2024-03-05 07:43:34.231 +0100
América del Norte,AX_INE_EXP_TOURISM_ALL_TODAY,América del Norte,99986,2025-01-09 10:10:29.196 +0100
Andorra,ST_TRA_VISITORS_ORIGIN,Andorra,020,2024-03-05 07:43:34.231 +0100
Angola,ST_TRA_VISITORS_ORIGIN,Angola,024,2024-03-05 07:43:34.231 +0100
Antarctica,ST_TRA_VISITORS_ORIGIN,Antarctica,010,2024-03-05 07:43:34.231 +0100
Antigua and Barbuda,ST_TRA_VISITORS_ORIGIN,Antigua and Barbuda,028,2024-03-05 07:43:34.231 +0100
Antigua y Barbuda,AX_INE_EXP_TOURISM_ALL_TODAY,Antigua y Barbuda,028,2025-01-09 10:43:39.933 +0100
Arabia Saudí,AX_INE_EXP_TOURISM_ALL_TODAY,Arabia Saudita,682,2025-01-09 10:10:29.196 +0100
Arabia Saudita,ST_FLX_SALIDA_NACIONALIDAD,Arabia Saudita,682,2024-03-05 07:44:05.186 +0100
Argelia,ST_FLX_SALIDA_NACIONALIDAD,Argelia,012,2024-03-05 07:44:05.186 +0100
Argentina,ST_TRA_VISITORS_ORIGIN,Argentina,032,2024-03-05 07:43:34.231 +0100
Armenia,ST_TRA_VISITORS_ORIGIN,Armenia,051,2024-03-05 07:43:34.231 +0100
Aruba,ST_TRA_VISITORS_ORIGIN,Aruba,533,2024-03-05 07:43:34.231 +0100
Australia,ST_TRA_VISITORS_ORIGIN,Australia,036,2024-03-05 07:43:34.231 +0100
Austria,ST_TRA_VISITORS_ORIGIN,Austria,040,2024-03-05 07:43:34.231 +0100
Azerbaijan,ST_TRA_VISITORS_ORIGIN,Azerbaijan,031,2024-03-05 07:43:34.231 +0100
Azerbaiyán,AX_INE_EXP_TOURISM_ALL_TODAY,Azerbayán,031,2025-01-09 10:10:29.196 +0100
Bahamas,AX_INE_EXP_TOURISM_ALL_TODAY,Bahamas,044,2025-01-09 10:43:39.933 +0100
Bahrain,ST_TRA_VISITORS_ORIGIN,Bahrain,048,2024-03-05 07:43:34.231 +0100
Bahréin,AX_INE_EXP_TOURISM_ALL_TODAY,Bahrein,048,2025-01-09 10:43:39.933 +0100
Bangladesh,ST_TRA_VISITORS_ORIGIN,Bangladesh,050,2024-03-05 07:43:34.231 +0100
Barbados,ST_TRA_VISITORS_ORIGIN,Barbados,052,2024-03-05 07:43:34.231 +0100
Belarus,ST_TRA_VISITORS_ORIGIN,Belarus,112,2024-03-05 07:43:34.231 +0100
Belarús,AX_INE_EXP_TOURISM_ALL_TODAY,Belarus,112,2025-01-09 10:43:39.933 +0100
Bélgica,ST_FLX_SALIDA_NACIONALIDAD,Bélgica,056,2024-03-05 07:44:05.186 +0100
Belgium,ST_TRA_VISITORS_ORIGIN,Belgium,056,2024-03-05 07:43:34.231 +0100
Belice,AX_INE_EXP_TOURISM_ALL_TODAY,Belice,084,2025-01-09 10:43:39.933 +0100
Belize,ST_TRA_VISITORS_ORIGIN,Belize,084,2024-03-05 07:43:34.231 +0100
Benin,ST_TRA_VISITORS_ORIGIN,Benín,204,2024-03-05 07:43:34.231 +0100
Bermuda,ST_TRA_VISITORS_ORIGIN,Islas Bermudas,060,2024-03-05 07:43:34.231 +0100
Bhután,AX_INE_EXP_TOURISM_ALL_TODAY,Bhután,064,2025-01-09 10:43:39.933 +0100
Bielorrusia,ST_FLX_SALIDA_NACIONALIDAD,Bielorrusia,112,2024-03-05 07:44:05.186 +0100
Bolivia,ST_TRA_VISITORS_ORIGIN,Bolivia,068,2024-03-05 07:43:34.231 +0100
Bosnia and Herzegovina,ST_TRA_VISITORS_ORIGIN,Bosnia and Herzegovina,070,2024-03-05 07:43:34.231 +0100
Bosnia Herzegovina,ST_FLX_SALIDA_NACIONALIDAD,Bosnia y Herzegovina,070,2024-03-05 07:44:05.186 +0100
Bosnia y Herzegovina,AX_INE_EXP_TOURISM_ALL_TODAY,Bosnia y Herzegovina,070,2025-01-09 10:43:39.933 +0100
Botswana,ST_TRA_VISITORS_ORIGIN,Botswana,072,2024-03-05 07:43:34.231 +0100
Brasil,ST_FLX_SALIDA_NACIONALIDAD,Brasil,076,2024-03-05 07:44:05.186 +0100
Brazil,ST_TRA_VISITORS_ORIGIN,Brazil,076,2024-03-05 07:43:34.231 +0100
British Virgin Islands,ST_TRA_VISITORS_ORIGIN,Islas Vírgenes Británicas,092,2024-03-05 07:43:34.231 +0100
Brunei,ST_TRA_VISITORS_ORIGIN,Brunéi,096,2024-03-05 07:43:34.231 +0100
Bulgaria,ST_TRA_VISITORS_ORIGIN,Bulgaria,100,2024-03-05 07:43:34.231 +0100
Burkina Faso,ST_TRA_VISITORS_ORIGIN,Burkina Faso,854,2024-03-05 07:43:34.231 +0100
Burundi,ST_TRA_VISITORS_ORIGIN,Burundi,108,2024-03-05 07:43:34.231 +0100
Cabo Verde,AX_INE_EXP_TOURISM_ALL_TODAY,Cabo Verde,132,2025-01-09 10:43:39.933 +0100
Cambodia,ST_TRA_VISITORS_ORIGIN,Cambodia,116,2024-03-05 07:43:34.231 +0100
Camboya,AX_INE_EXP_TOURISM_ALL_TODAY,Camboya,116,2025-01-09 10:43:39.933 +0100
Cameroon,ST_TRA_VISITORS_ORIGIN,Cameroon,120,2024-03-05 07:43:34.231 +0100
Camerún,AX_FLX_BY_COUNTRY_MONTH_ALL_TODAY,Camerún,120,2024-07-01 14:55:56.003 +0200
Canada,ST_TRA_VISITORS_ORIGIN,Canadá,124,2024-03-05 07:43:34.231 +0100
Canadá,ST_FLX_SALIDA_NACIONALIDAD,Canadá,124,2024-03-05 07:44:05.186 +0100
Cape Verde,ST_TRA_VISITORS_ORIGIN,Cape Verde,132,2024-03-05 07:43:34.231 +0100
Caribbean Netherlands,ST_TRA_VISITORS_ORIGIN,Netherlands Antilles,530,2024-03-05 07:43:34.231 +0100
Cáucaso,ST_FLX_SALIDA_NACIONALIDAD,Países del Cáucaso,99997,2024-07-02 08:50:16.662 +0200
Cayman Islands,ST_TRA_VISITORS_ORIGIN,Cayman Islands,136,2024-03-05 07:43:34.231 +0100
Central African Republic,ST_TRA_VISITORS_ORIGIN,Central African Republic,140,2024-03-05 07:43:34.231 +0100
Centro América y Caribe,AX_INE_EXP_TOURISM_ALL_TODAY,Total Centroamérica y Caribe,99989,2025-01-09 10:10:29.196 +0100
Cerca y Medio Oriente,ST_FLX_SALIDA_NACIONALIDAD,Cerca y Medio Oriente,99998,2024-03-05 07:44:05.186 +0100
Chad,ST_TRA_VISITORS_ORIGIN,Chad,148,2024-03-05 07:43:34.231 +0100
Chile,ST_TRA_VISITORS_ORIGIN,Chile,152,2024-03-05 07:43:34.231 +0100
China,ST_TRA_VISITORS_ORIGIN,China,156,2024-03-05 07:43:34.231 +0100
Chipre,ST_FLX_SALIDA_NACIONALIDAD,Chipre,196,2024-03-05 07:44:05.186 +0100
Christmas Island,ST_TRA_VISITORS_ORIGIN,Christmas Island,162,2024-03-05 07:43:34.231 +0100
Colombia,ST_TRA_VISITORS_ORIGIN,Colombia,170,2024-03-05 07:43:34.231 +0100
Comores,AX_INE_EXP_TOURISM_ALL_TODAY,Comores,174,2025-01-09 10:43:39.933 +0100
Congo,AX_FLX_BY_COUNTRY_MONTH_ALL_TODAY,Congo,178,2024-07-01 15:24:11.402 +0200
Congo-Brazzaville,AX_FLX_BY_COUNTRY_MONTH_ALL_TODAY,Congo,178,2024-07-02 08:50:15.889 +0200
Congo-Kinshasa,ST_FLX_SALIDA_NACIONALIDAD,República Democrática del Congo,180,2024-07-02 08:50:14.844 +0200
Cook Islands,ST_TRA_VISITORS_ORIGIN,Cook Islands,184,2024-03-05 07:43:34.231 +0100
Corea,AX_INE_EXP_TOURISM_ALL_TODAY,Corea,99985,2025-01-09 10:10:29.196 +0100
Corea del Sur,ST_FLX_SALIDA_NACIONALIDAD,Corea del Sur,410,2024-03-05 07:44:05.186 +0100
Costa de Marfil,ST_FLX_SALIDA_NACIONALIDAD,Costa de Marfil,384,2024-03-05 07:44:05.186 +0100
Costa Rica,ST_TRA_VISITORS_ORIGIN,Costa Rica,188,2024-03-05 07:43:34.231 +0100
Côte d’Ivoire,ST_TRA_VISITORS_ORIGIN,Ivory Coast,384,2024-03-05 07:43:34.231 +0100
Côte d'Ivoire,ST_TRA_VISITORS_ORIGIN,Ivory Coast,384,2024-03-05 07:43:34.231 +0100
Croacia,ST_FLX_SALIDA_NACIONALIDAD,Croacia,191,2024-03-05 07:44:05.186 +0100
Croatia,ST_TRA_VISITORS_ORIGIN,Croatia,191,2024-03-05 07:43:34.231 +0100
Cuba,ST_TRA_VISITORS_ORIGIN,Cuba,192,2024-03-05 07:43:34.231 +0100
Curaçao,ST_TRA_VISITORS_ORIGIN,Curaçao,531,2024-03-05 07:43:34.231 +0100
Cyprus,ST_TRA_VISITORS_ORIGIN,Cyprus,196,2024-03-05 07:43:34.231 +0100
Czechia,ST_TRA_VISITORS_ORIGIN,Czech Republic,203,2024-03-05 07:43:34.231 +0100
Democratic Republic of the Congo,ST_TRA_VISITORS_ORIGIN,Democratic Republic of the Congo,180,2024-03-05 07:43:34.231 +0100
Denmark,ST_TRA_VISITORS_ORIGIN,Denmark,208,2024-03-05 07:43:34.231 +0100
Dinamarca,ST_FLX_SALIDA_NACIONALIDAD,Dinamarca,208,2024-03-05 07:44:05.186 +0100
Djibouti,ST_TRA_VISITORS_ORIGIN,Djibouti,262,2024-03-05 07:43:34.231 +0100
Dominica,AX_INE_EXP_TOURISM_ALL_TODAY,Dominica,212,2025-01-09 10:43:39.933 +0100
Dominican Republic,ST_TRA_VISITORS_ORIGIN,Dominican Republic,214,2024-03-05 07:43:34.231 +0100
Ecuador,ST_TRA_VISITORS_ORIGIN,Ecuador,218,2024-03-05 07:43:34.231 +0100
EE.UU,ST_FLX_SALIDA_NACIONALIDAD,Estados Unidos de América,840,2024-07-02 08:46:26.854 +0200
Egipto,ST_FLX_SALIDA_NACIONALIDAD,Egipto,818,2024-03-05 07:44:05.186 +0100
Egypt,ST_TRA_VISITORS_ORIGIN,Egypt,818,2024-03-05 07:43:34.231 +0100
El Salvador,ST_TRA_VISITORS_ORIGIN,El Salvador,222,2024-03-05 07:43:34.231 +0100
Emiratos Árabes Unidos,ST_FLX_SALIDA_NACIONALIDAD,Emiratos Árabes Unidos,784,2024-03-05 07:44:05.186 +0100
Equatorial Guinea,ST_TRA_VISITORS_ORIGIN,Equatorial Guinea,226,2024-03-05 07:43:34.231 +0100
Eritrea,ST_TRA_VISITORS_ORIGIN,Eritrea,232,2024-03-05 07:43:34.231 +0100
Eslovaquia,ST_FLX_SALIDA_NACIONALIDAD,Eslovaquia,703,2024-03-05 07:44:05.186 +0100
Eslovenia,ST_FLX_SALIDA_NACIONALIDAD,Eslovenia,705,2024-03-05 07:44:05.186 +0100
Estados Unidos de América,ST_FLX_SALIDA_NACIONALIDAD,Estados Unidos de América,840,2024-03-05 07:44:05.186 +0100
Estonia,ST_TRA_VISITORS_ORIGIN,Estonia,233,2024-03-05 07:43:34.231 +0100
Ethiopia,ST_TRA_VISITORS_ORIGIN,Ethiopia,231,2024-03-05 07:43:34.231 +0100
Etiopía,AX_INE_EXP_TOURISM_ALL_TODAY,Etiòpia,231,2025-01-09 10:43:39.933 +0100
Falkland Islands (Islas Malvinas),ST_TRA_VISITORS_ORIGIN,Falkland Islands (Malvinas),238,2024-03-05 07:43:34.231 +0100
Faroe Islands,ST_TRA_VISITORS_ORIGIN,Faroe Islands,234,2024-03-05 07:43:34.231 +0100
Federated States of Micronesia,ST_TRA_VISITORS_ORIGIN,Micronesia,583,2024-03-05 07:43:34.231 +0100
Fiji,ST_TRA_VISITORS_ORIGIN,Fiji,242,2024-03-05 07:43:34.231 +0100
Filipinas,ST_FLX_SALIDA_NACIONALIDAD,Filipinas,608,2024-03-05 07:44:05.186 +0100
Finland,ST_TRA_VISITORS_ORIGIN,Finland,246,2024-03-05 07:43:34.231 +0100
Finlandia,ST_FLX_SALIDA_NACIONALIDAD,Finlandia,246,2024-03-05 07:44:05.186 +0100
France,ST_TRA_VISITORS_ORIGIN,France,250,2024-03-05 07:43:34.231 +0100
Francia,ST_FLX_SALIDA_NACIONALIDAD,Francia,250,2024-03-05 07:44:05.186 +0100
French Guiana,ST_TRA_VISITORS_ORIGIN,French Guiana,254,2024-03-05 07:43:34.231 +0100
French Polynesia,ST_TRA_VISITORS_ORIGIN,French Polynesia,258,2024-03-05 07:43:34.231 +0100
Gabon,ST_TRA_VISITORS_ORIGIN,Gabón,266,2024-03-05 07:43:34.231 +0100
Gabón,AX_FLX_PLACE_BY_COUNTRY_WEEK_ALL_TODAY,Gabón,266,2024-09-27 12:55:43.420 +0200
Gambia,AX_INE_EXP_TOURISM_ALL_TODAY,Gàmbia,270,2025-01-09 10:43:39.933 +0100
Georgia,ST_TRA_VISITORS_ORIGIN,Georgia,268,2024-03-05 07:43:34.231 +0100
Germany,ST_TRA_VISITORS_ORIGIN,Germany,276,2024-03-05 07:43:34.231 +0100
Ghana,ST_TRA_VISITORS_ORIGIN,Ghana,288,2024-03-05 07:43:34.231 +0100
Gibraltar,ST_TRA_VISITORS_ORIGIN,Gibraltar,292,2024-03-05 07:43:34.231 +0100
Granada,AX_INE_EXP_TOURISM_ALL_TODAY,Granada,308,2025-01-09 10:43:39.933 +0100
Grecia,ST_FLX_SALIDA_NACIONALIDAD,Grecia,300,2024-03-05 07:44:05.186 +0100
Greece,ST_TRA_VISITORS_ORIGIN,Greece,300,2024-03-05 07:43:34.231 +0100
Greenland,ST_TRA_VISITORS_ORIGIN,Greenland,304,2024-03-05 07:43:34.231 +0100
Grenada,ST_TRA_VISITORS_ORIGIN,Grenada,308,2024-03-05 07:43:34.231 +0100
Guadeloupe,ST_TRA_VISITORS_ORIGIN,Guadeloupe,312,2024-03-05 07:43:34.231 +0100
Guam,ST_TRA_VISITORS_ORIGIN,Guam,316,2024-03-05 07:43:34.231 +0100
Guatemala,ST_TRA_VISITORS_ORIGIN,Guatemala,320,2024-03-05 07:43:34.231 +0100
Guernsey,ST_TRA_VISITORS_ORIGIN,Guernsey,831,2024-03-05 07:43:34.231 +0100
Guinea,ST_TRA_VISITORS_ORIGIN,Guinea,324,2024-03-05 07:43:34.231 +0100
Guinea Ecuatorial,AX_INE_EXP_TOURISM_ALL_TODAY,Guinea Ecuatorial,226,2025-01-09 10:43:39.933 +0100
Guinea-Bissau,AX_INE_EXP_TOURISM_ALL_TODAY,Guineabissau,624,2025-01-09 10:43:39.933 +0100
Guyana,AX_INE_EXP_TOURISM_ALL_TODAY,Guyana,328,2025-01-09 10:43:39.933 +0100
Haiti,ST_TRA_VISITORS_ORIGIN,Haití,332,2024-03-05 07:43:34.231 +0100
Haití,AX_INE_EXP_TOURISM_ALL_TODAY,Haití,332,2025-01-09 10:43:39.933 +0100
Honduras,ST_TRA_VISITORS_ORIGIN,Honduras,340,2024-03-05 07:43:34.231 +0100
Hong Kong,ST_TRA_VISITORS_ORIGIN,Hong kong,344,2024-03-05 07:43:34.231 +0100
Hungary,ST_TRA_VISITORS_ORIGIN,Hungary,348,2024-03-05 07:43:34.231 +0100
Hungría,ST_FLX_SALIDA_NACIONALIDAD,Hungría,348,2024-03-05 07:44:05.186 +0100
Iceland,ST_TRA_VISITORS_ORIGIN,Iceland,352,2024-03-05 07:43:34.231 +0100
India,ST_TRA_VISITORS_ORIGIN,India,356,2024-03-05 07:43:34.231 +0100
Indonesia,ST_TRA_VISITORS_ORIGIN,Indonesia,360,2024-03-05 07:43:34.231 +0100
Irán,AX_INE_EXP_TOURISM_ALL_TODAY,Irán,364,2025-01-09 10:43:39.933 +0100
Iraq,ST_TRA_VISITORS_ORIGIN,Iraq,368,2024-03-05 07:43:34.231 +0100
Ireland,ST_TRA_VISITORS_ORIGIN,Ireland,372,2024-03-05 07:43:34.231 +0100
Irlanda,ST_FLX_SALIDA_NACIONALIDAD,Irlanda,372,2024-03-05 07:44:05.186 +0100
Islandia,ST_FLX_SALIDA_NACIONALIDAD,Islandia,352,2024-03-05 07:44:05.186 +0100
Islas Cook,AX_INE_EXP_TOURISM_ALL_TODAY,Islas Cook,184,2025-01-09 10:43:39.933 +0100
Islas Salomón,AX_INE_EXP_TOURISM_ALL_TODAY,Islas Salomón,090,2025-01-09 10:43:39.933 +0100
Isle of Man,ST_TRA_VISITORS_ORIGIN,Isle Of Man,833,2024-03-05 07:43:34.231 +0100
Israel,ST_TRA_VISITORS_ORIGIN,Israel,376,2024-03-05 07:43:34.231 +0100
Italia,ST_FLX_SALIDA_NACIONALIDAD,Italia,380,2024-03-05 07:44:05.186 +0100
Italy,ST_TRA_VISITORS_ORIGIN,Italy,380,2024-03-05 07:43:34.231 +0100
Jamaica,ST_TRA_VISITORS_ORIGIN,Jamaica,388,2024-03-05 07:43:34.231 +0100
Japan,ST_TRA_VISITORS_ORIGIN,Japan,392,2024-03-05 07:43:34.231 +0100
Japón,ST_FLX_SALIDA_NACIONALIDAD,Japón,392,2024-03-05 07:44:05.186 +0100
Jersey,ST_TRA_VISITORS_ORIGIN,Jersey,832,2024-03-05 07:43:34.231 +0100
Jordan,ST_TRA_VISITORS_ORIGIN,Jordan,400,2024-03-05 07:43:34.231 +0100
Jordania,AX_INE_EXP_TOURISM_ALL_TODAY,Jordània,400,2025-01-09 10:43:39.933 +0100
Kazajstán,AX_INE_EXP_TOURISM_ALL_TODAY,Kazajistán,398,2025-01-09 10:10:29.196 +0100
Kazakhstan,ST_TRA_VISITORS_ORIGIN,Kazakhstan,398,2024-03-05 07:43:34.231 +0100
Kenia,AX_INE_EXP_TOURISM_ALL_TODAY,Kenia,404,2025-01-09 10:43:39.933 +0100
Kenya,ST_TRA_VISITORS_ORIGIN,Kenya,404,2024-03-05 07:43:34.231 +0100
Kirguistán,AX_INE_EXP_TOURISM_ALL_TODAY,Kirgizstán,417,2025-01-09 10:10:29.196 +0100
Kiribati,AX_INE_EXP_TOURISM_ALL_TODAY,Kiribati,296,2025-01-09 10:43:39.933 +0100
Kosovo,AX_FLX_BY_COUNTRY_MONTH_ALL_TODAY,Kosovo,99993,2024-06-20 10:55:30.905 +0200
Kuwait,ST_TRA_VISITORS_ORIGIN,Kuwait,414,2024-03-05 07:43:34.231 +0100
Kyrgyzstan,ST_TRA_VISITORS_ORIGIN,Kyrgyzstan,417,2024-03-05 07:43:34.231 +0100
Laos,ST_TRA_VISITORS_ORIGIN,Laos,418,2024-03-05 07:43:34.231 +0100
Latvia,ST_TRA_VISITORS_ORIGIN,Latvia,428,2024-03-05 07:43:34.231 +0100
Lebanon,ST_TRA_VISITORS_ORIGIN,Lebanon,422,2024-03-05 07:43:34.231 +0100
Lesotho,ST_TRA_VISITORS_ORIGIN,Lesotho,426,2024-03-05 07:43:34.231 +0100
Letonia,ST_FLX_SALIDA_NACIONALIDAD,Letonia,428,2024-03-05 07:44:05.186 +0100
Líbano,AX_INE_EXP_TOURISM_ALL_TODAY,Líbano,422,2025-01-09 10:43:39.933 +0100
Liberia,ST_TRA_VISITORS_ORIGIN,Liberia,430,2024-03-05 07:43:34.231 +0100
Libia,AX_INE_EXP_TOURISM_ALL_TODAY,Líbia,434,2025-01-09 10:43:39.933 +0100
Libya,ST_TRA_VISITORS_ORIGIN,Libya,434,2024-03-05 07:43:34.231 +0100
Liechtenstein,ST_TRA_VISITORS_ORIGIN,Liechtenstein,438,2024-03-05 07:43:34.231 +0100
Lithuania,ST_TRA_VISITORS_ORIGIN,Lithuania,440,2024-03-05 07:43:34.231 +0100
Lituania,ST_FLX_SALIDA_NACIONALIDAD,Lituania,440,2024-03-05 07:44:05.186 +0100
Luxembourg,ST_TRA_VISITORS_ORIGIN,Luxembourg,442,2024-03-05 07:43:34.231 +0100
Luxemburgo,ST_FLX_SALIDA_NACIONALIDAD,Luxemburgo,442,2024-03-05 07:44:05.186 +0100
Macau,ST_TRA_VISITORS_ORIGIN,Macao,446,2024-03-05 07:43:34.231 +0100
Macedonia,ST_FLX_SALIDA_NACIONALIDAD,Macedônia,807,2024-03-05 07:44:05.186 +0100
Macedonia (FYROM),ST_TRA_VISITORS_ORIGIN,Macedonia,807,2024-03-05 07:43:34.231 +0100
Macedonia del Norte,AX_INE_EXP_TOURISM_ALL_TODAY,Macedônia,807,2025-01-09 10:10:29.196 +0100
Madagascar,ST_TRA_VISITORS_ORIGIN,Madagascar,450,2024-03-05 07:43:34.231 +0100
Malasia,ST_FLX_SALIDA_NACIONALIDAD,Malasia,458,2024-03-05 07:44:05.186 +0100
Malawi,ST_TRA_VISITORS_ORIGIN,Malawi,454,2024-03-05 07:43:34.231 +0100
Malaysia,ST_TRA_VISITORS_ORIGIN,Malaysia,458,2024-03-05 07:43:34.231 +0100
Maldivas,AX_INE_EXP_TOURISM_ALL_TODAY,Islas Maldivas,462,2025-01-09 10:10:29.196 +0100
Maldives,ST_TRA_VISITORS_ORIGIN,Maldives,462,2024-03-05 07:43:34.231 +0100
Mali,ST_TRA_VISITORS_ORIGIN,Mali,466,2024-03-05 07:43:34.231 +0100
Malta,ST_TRA_VISITORS_ORIGIN,Malta,470,2024-03-05 07:43:34.231 +0100
Marruecos,ST_FLX_SALIDA_NACIONALIDAD,Marruecos,504,2024-03-05 07:44:05.186 +0100
Marshall Islands,ST_TRA_VISITORS_ORIGIN,Marshall Islands,584,2024-03-05 07:43:34.231 +0100
Martinique,ST_TRA_VISITORS_ORIGIN,Martinique,474,2024-03-05 07:43:34.231 +0100
Mauricio,ST_FLX_SALIDA_NACIONALIDAD,Mauricio,480,2024-03-05 07:44:05.186 +0100
Mauritania,ST_TRA_VISITORS_ORIGIN,Mauritania,478,2024-03-05 07:43:34.231 +0100
Mauritius,ST_TRA_VISITORS_ORIGIN,Mauritius,480,2024-03-05 07:43:34.231 +0100
Mayotte,ST_TRA_VISITORS_ORIGIN,Mayotte,175,2024-03-05 07:43:34.231 +0100
Mexico,ST_TRA_VISITORS_ORIGIN,México,484,2024-03-05 07:43:34.231 +0100
México,ST_FLX_SALIDA_NACIONALIDAD,México,484,2024-03-05 07:44:05.186 +0100
Micronesia,AX_INE_EXP_TOURISM_ALL_TODAY,Micronèsia,583,2025-01-09 10:43:39.933 +0100
Moldavia,ST_FLX_SALIDA_NACIONALIDAD,Moldavia,498,2024-03-05 07:44:05.186 +0100
Moldova,ST_TRA_VISITORS_ORIGIN,Moldova,498,2024-03-05 07:43:34.231 +0100
Monaco,ST_TRA_VISITORS_ORIGIN,Mónaco,492,2024-03-05 07:43:34.231 +0100
Mónaco,AX_FLX_BY_COUNTRY_ALL_TODAY,Mónaco,492,2024-05-07 13:36:41.750 +0200
Mongolia,ST_TRA_VISITORS_ORIGIN,Mongolia,496,2024-03-05 07:43:34.231 +0100
Montenegro,ST_TRA_VISITORS_ORIGIN,Montenegro,499,2024-03-05 07:43:34.231 +0100
Montserrat,ST_TRA_VISITORS_ORIGIN,Montserrat,500,2024-03-05 07:43:34.231 +0100
Morocco,ST_TRA_VISITORS_ORIGIN,Morocco,504,2024-03-05 07:43:34.231 +0100
Mozambique,ST_TRA_VISITORS_ORIGIN,Mozambique,508,2024-03-05 07:43:34.231 +0100
Myanmar,AX_INE_EXP_TOURISM_ALL_TODAY,Myanmar,104,2025-01-09 10:43:39.933 +0100
Myanmar (Burma),ST_TRA_VISITORS_ORIGIN,Myanmar,104,2024-03-05 07:43:34.231 +0100
Namibia,ST_TRA_VISITORS_ORIGIN,Namibia,516,2024-03-05 07:43:34.231 +0100
NC,ST_FLX_SALIDA_NACIONALIDAD,No Informado,***,2024-07-02 08:50:17.462 +0200
Nepal,ST_TRA_VISITORS_ORIGIN,Nepal,524,2024-03-05 07:43:34.231 +0100
Netherlands,ST_TRA_VISITORS_ORIGIN,Netherlands,528,2024-03-05 07:43:34.231 +0100
New Caledonia,ST_TRA_VISITORS_ORIGIN,New Caledonia,540,2024-03-05 07:43:34.231 +0100
New Zealand,ST_TRA_VISITORS_ORIGIN,New Zealand,554,2024-03-05 07:43:34.231 +0100
Nicaragua,ST_TRA_VISITORS_ORIGIN,Nicaragua,558,2024-03-05 07:43:34.231 +0100
Niger,ST_TRA_VISITORS_ORIGIN,Niger,562,2024-03-05 07:43:34.231 +0100
Níger,AX_FLX_BY_COUNTRY_MONTH_ALL_TODAY,Niger,562,2024-07-01 14:55:56.003 +0200
Nigeria,ST_TRA_VISITORS_ORIGIN,Nigeria,566,2024-03-05 07:43:34.231 +0100
No Informado,ST_FLX_SALIDA_NACIONALIDAD,No Informado,***,2024-03-05 07:44:05.186 +0100
Norfolk Island,ST_TRA_VISITORS_ORIGIN,Norfolk Island,574,2024-03-05 07:43:34.231 +0100
North Macedonia,ST_TRA_VISITORS_ORIGIN,Macedonia,807,2024-03-05 07:43:34.231 +0100
Noruega,ST_FLX_SALIDA_NACIONALIDAD,Noruega,578,2024-03-05 07:44:05.186 +0100
Norway,ST_TRA_VISITORS_ORIGIN,Norway,578,2024-03-05 07:43:34.231 +0100
Nueva Zelanda,ST_FLX_SALIDA_NACIONALIDAD,Nueva Zelanda,554,2024-03-05 07:44:05.186 +0100
Oman,ST_TRA_VISITORS_ORIGIN,Omán,512,2024-03-05 07:43:34.231 +0100
Omán,AX_INE_EXP_TOURISM_ALL_TODAY,Omán,512,2025-01-09 10:43:39.933 +0100
Otros África del Norte,AX_FLX_BY_COUNTRY_MONTH_ALL_TODAY,África del Norte,99992,2024-07-02 08:50:18.999 +0200
Otros países africanos,ST_FLX_SALIDA_NACIONALIDAD,Otros países africanos,99996,2024-03-05 07:44:05.186 +0100
Otros países asiáticos,ST_FLX_SALIDA_NACIONALIDAD,Otros países asiáticos,99994,2024-03-05 07:44:05.186 +0100
Otros países de América,ST_FLX_SALIDA_NACIONALIDAD,Otros países de América,99995,2024-03-05 07:44:05.186 +0100
Otros países de Oceanía,AX_FLX_PLACE_BY_COUNTRY_WEEK_ALL_TODAY,Otros países de Oceanía,99991,2024-07-05 10:38:42.321 +0200
Otros países o territorios de Asia,AX_INE_EXP_TOURISM_ALL_TODAY,Otros países asiáticos,99994,2025-01-09 10:10:29.196 +0100
Otros países o territorios de  Europa,AX_INE_EXP_TOURISM_ALL_TODAY,Resto de Europa,99988,2025-01-09 10:10:29.196 +0100
Otros países o territorios de Europa,AX_INE_EXP_TOURISM_ALL_TODAY,Resto de Europa,99988,2025-01-09 10:43:39.933 +0100
Países Bajos,ST_FLX_SALIDA_NACIONALIDAD,Países Bajos,528,2024-03-05 07:44:05.186 +0100
Países del Cáucaso,ST_FLX_SALIDA_NACIONALIDAD,Países del Cáucaso,99997,2024-03-05 07:44:05.186 +0100
Pakistan,ST_TRA_VISITORS_ORIGIN,Pakistán,586,2024-03-05 07:43:34.231 +0100
Pakistán,AX_INE_EXP_TOURISM_ALL_TODAY,Pakistán,586,2025-01-09 10:43:39.933 +0100
Palaos,AX_INE_EXP_TOURISM_ALL_TODAY,Palau,585,2025-01-09 10:10:29.196 +0100
"Palestina. Estado Observador, no miembro de Naciones Unidas",AX_INE_EXP_TOURISM_ALL_TODAY,Palestina,275,2025-01-09 10:10:29.196 +0100
Panama,ST_TRA_VISITORS_ORIGIN,Panamá,591,2024-03-05 07:43:34.231 +0100
Panamá,AX_INE_EXP_TOURISM_ALL_TODAY,Panamá,591,2025-01-09 10:43:39.933 +0100
Papua New Guinea,ST_TRA_VISITORS_ORIGIN,Papua New Guinea,598,2024-03-05 07:43:34.231 +0100
Papúa Nueva Guinea,AX_INE_EXP_TOURISM_ALL_TODAY,Papúa Nueva Guinea,598,2025-01-09 10:43:39.933 +0100
Paraguay,ST_TRA_VISITORS_ORIGIN,Paraguay,600,2024-03-05 07:43:34.231 +0100
Peru,ST_TRA_VISITORS_ORIGIN,Perú,604,2024-03-05 07:43:34.231 +0100
Perú,ST_FLX_SALIDA_NACIONALIDAD,Perú,604,2024-03-05 07:44:05.186 +0100
Philippines,ST_TRA_VISITORS_ORIGIN,Philippines,608,2024-03-05 07:43:34.231 +0100
Pitcairn Islands,ST_TRA_VISITORS_ORIGIN,Pitcairn Islands,612,2024-03-05 07:43:34.231 +0100
Poland,ST_TRA_VISITORS_ORIGIN,Poland,616,2024-03-05 07:43:34.231 +0100
Polonia,ST_FLX_SALIDA_NACIONALIDAD,Polonia,616,2024-03-05 07:44:05.186 +0100
Portugal,ST_TRA_VISITORS_ORIGIN,Portugal,620,2024-03-05 07:43:34.231 +0100
Puerto Rico,ST_TRA_VISITORS_ORIGIN,Puerto Rico,630,2024-03-05 07:43:34.231 +0100
Qatar,ST_TRA_VISITORS_ORIGIN,Qatar,634,2024-03-05 07:43:34.231 +0100
Reino Unido,ST_FLX_SALIDA_NACIONALIDAD,Reino Unido,826,2024-03-05 07:44:05.186 +0100
Republic of the Congo,ST_TRA_VISITORS_ORIGIN,Democratic Republic of the Congo,180,2024-03-05 07:43:34.231 +0100
República Centroafricana,AX_FLX_BY_COUNTRY_MONTH_ALL_TODAY,República Centroafricana,140,2024-08-02 12:01:31.977 +0200
República Checa,ST_FLX_SALIDA_NACIONALIDAD,República Checa,203,2024-03-05 07:44:05.186 +0100
República Democrática del Congo,ST_FLX_SALIDA_NACIONALIDAD,República Democrática del Congo,180,2024-03-05 07:44:05.186 +0100
Republica Dominicana,ST_FLX_SALIDA_NACIONALIDAD,República Dominicana,214,2024-03-05 07:44:05.186 +0100
República Dominicana,AX_INE_EXP_TOURISM_ALL_TODAY,República Dominicana,214,2025-01-09 10:43:39.933 +0100
República Eslovaca,AX_INE_EXP_TOURISM_ALL_TODAY,Eslovaquia,703,2025-01-09 10:10:29.196 +0100
Reunion,ST_TRA_VISITORS_ORIGIN,Reunión,638,2024-03-05 07:43:34.231 +0100
Réunion,ST_TRA_VISITORS_ORIGIN,Reunión,638,2024-03-05 07:43:34.231 +0100
Romania,ST_TRA_VISITORS_ORIGIN,Romania,642,2024-03-05 07:43:34.231 +0100
Ruanda,AX_INE_EXP_TOURISM_ALL_TODAY,Ruanda,646,2025-01-09 10:43:39.933 +0100
Rumania,ST_FLX_SALIDA_NACIONALIDAD,Rumanía,642,2024-03-05 07:44:05.186 +0100
Rumanía,AX_INE_EXP_TOURISM_ALL_TODAY,Rumanía,642,2025-01-09 10:43:39.933 +0100
Rusia,ST_FLX_SALIDA_NACIONALIDAD,Rusia,643,2024-03-05 07:44:05.186 +0100
Russia,ST_TRA_VISITORS_ORIGIN,Russia,643,2024-03-05 07:43:34.231 +0100
Rwanda,ST_TRA_VISITORS_ORIGIN,Rwanda,646,2024-03-05 07:43:34.231 +0100
Saint Barthélemy,ST_TRA_VISITORS_ORIGIN,Saint Barthelemy,652,2024-03-05 07:43:34.231 +0100
Saint Kitts and Nevis,ST_TRA_VISITORS_ORIGIN,Saint Kitts and Nevis,659,2024-03-05 07:43:34.231 +0100
Saint Lucia,ST_TRA_VISITORS_ORIGIN,Saint Lucia,662,2024-03-05 07:43:34.231 +0100
Saint Martin,ST_TRA_VISITORS_ORIGIN,Saint Martin (French Part),663,2024-03-05 07:43:34.231 +0100
Saint Pierre and Miquelon,ST_TRA_VISITORS_ORIGIN,Saint Pierre and Miquelon,666,2024-03-05 07:43:34.231 +0100
Saint Vincent and the Grenadines,ST_TRA_VISITORS_ORIGIN,Saint Vincent and The Grenadines,670,2024-03-05 07:43:34.231 +0100
Samoa,ST_TRA_VISITORS_ORIGIN,Samoa,882,2024-03-05 07:43:34.231 +0100
San Cristóbal y Nieves,AX_INE_EXP_TOURISM_ALL_TODAY,San Cristóbal y Nieves,659,2025-01-09 10:43:39.933 +0100
San Marino,ST_TRA_VISITORS_ORIGIN,San Marino,674,2024-03-05 07:43:34.231 +0100
San Vicente y las Granadinas,AX_INE_EXP_TOURISM_ALL_TODAY,San Vicente y las Granadinas,670,2025-01-09 10:43:39.933 +0100
Santa Lucía,AX_INE_EXP_TOURISM_ALL_TODAY,Santa Lucía,662,2025-01-09 10:43:39.933 +0100
Santo Tomé y Príncipe,AX_INE_EXP_TOURISM_ALL_TODAY,Santo Tomé y Príncipe,678,2025-01-09 10:43:39.933 +0100
Saudi Arabia,ST_TRA_VISITORS_ORIGIN,Saudi Arabia,682,2024-03-05 07:43:34.231 +0100
Senegal,ST_TRA_VISITORS_ORIGIN,Senegal,686,2024-03-05 07:43:34.231 +0100
Serbia,ST_TRA_VISITORS_ORIGIN,Serbia,688,2024-03-05 07:43:34.231 +0100
Seychelles,AX_INE_EXP_TOURISM_ALL_TODAY,Seychelles,690,2025-01-09 10:43:39.933 +0100
Sierra Leona,AX_INE_EXP_TOURISM_ALL_TODAY,Sierra Leona,694,2025-01-09 10:43:39.933 +0100
Sierra Leone,ST_TRA_VISITORS_ORIGIN,Sierra Leone,694,2024-03-05 07:43:34.231 +0100
Singapore,ST_TRA_VISITORS_ORIGIN,Singapore,702,2024-03-05 07:43:34.231 +0100
Singapur,ST_FLX_SALIDA_NACIONALIDAD,Singapur,702,2024-03-05 07:44:05.186 +0100
Sint Maarten,ST_TRA_VISITORS_ORIGIN,Sint Maarten,534,2024-03-05 07:43:34.231 +0100
Siria,AX_INE_EXP_TOURISM_ALL_TODAY,Síria,760,2025-01-09 10:43:39.933 +0100
Slovakia,ST_TRA_VISITORS_ORIGIN,Slovakia,703,2024-03-05 07:43:34.231 +0100
Slovenia,ST_TRA_VISITORS_ORIGIN,Slovenia,705,2024-03-05 07:43:34.231 +0100
Solomon Islands,ST_TRA_VISITORS_ORIGIN,Solomon Islands,090,2024-03-05 07:43:34.231 +0100
Somalia,AX_INE_EXP_TOURISM_ALL_TODAY,Somàlia,706,2025-01-09 10:43:39.933 +0100
South Africa,ST_TRA_VISITORS_ORIGIN,South Africa,710,2024-03-05 07:43:34.231 +0100
South Georgia and the South Sandwich Islands,ST_TRA_VISITORS_ORIGIN,South Georgia and The South Sandwich Islands,239,2024-03-05 07:43:34.231 +0100
South Korea,ST_TRA_VISITORS_ORIGIN,South Korea,410,2024-03-05 07:43:34.231 +0100
South Sudan,ST_TRA_VISITORS_ORIGIN,South Sudan,728,2024-03-05 07:43:34.231 +0100
Spain,ST_TRA_VISITORS_ORIGIN,Spain,724,2024-03-05 07:43:34.231 +0100
Sri Lanka,ST_TRA_VISITORS_ORIGIN,Sri lanka,144,2024-03-05 07:43:34.231 +0100
Sudáfrica,ST_FLX_SALIDA_NACIONALIDAD,Sudáfrica,710,2024-03-05 07:44:05.186 +0100
Sudamérica,AX_INE_EXP_TOURISM_ALL_TODAY,Sudamérica,99987,2025-01-09 10:10:29.196 +0100
Sudán,AX_INE_EXP_TOURISM_ALL_TODAY,Sudán,729,2025-01-09 10:43:39.933 +0100
Sudán del Sur,AX_INE_EXP_TOURISM_ALL_TODAY,Sudán del Sur,728,2025-01-09 10:43:39.933 +0100
Suecia,ST_FLX_SALIDA_NACIONALIDAD,Suecia,752,2024-03-05 07:44:05.186 +0100
Suiza,ST_FLX_SALIDA_NACIONALIDAD,Suiza,756,2024-03-05 07:44:05.186 +0100
Surinam,AX_INE_EXP_TOURISM_ALL_TODAY,Surinám,740,2025-01-09 10:43:39.933 +0100
Suriname,ST_TRA_VISITORS_ORIGIN,Suriname,740,2024-03-05 07:43:34.231 +0100
Svalbard and Jan Mayen,ST_TRA_VISITORS_ORIGIN,Svalbard and Jan Mayen,744,2024-03-05 07:43:34.231 +0100
Swaziland,ST_TRA_VISITORS_ORIGIN,Swaziland,748,2024-03-05 07:43:34.231 +0100
Swazilandia,AX_INE_EXP_TOURISM_ALL_TODAY,Swazilàndia,748,2025-01-09 10:43:39.933 +0100
Sweden,ST_TRA_VISITORS_ORIGIN,Sweden,752,2024-03-05 07:43:34.231 +0100
Switzerland,ST_TRA_VISITORS_ORIGIN,Switzerland,756,2024-03-05 07:43:34.231 +0100
Tailandia,ST_FLX_SALIDA_NACIONALIDAD,Tailandia,764,2024-03-05 07:44:05.186 +0100
Taiwan,ST_TRA_VISITORS_ORIGIN,Taiwán,158,2024-03-05 07:43:34.231 +0100
Tajikistan,ST_TRA_VISITORS_ORIGIN,Tajikistan,762,2024-03-05 07:43:34.231 +0100
Tanzania,ST_TRA_VISITORS_ORIGIN,Tanzania,834,2024-03-05 07:43:34.231 +0100
Tayikistán,AX_INE_EXP_TOURISM_ALL_TODAY,Tadjikistán,762,2025-01-09 10:10:29.196 +0100
Thailand,ST_TRA_VISITORS_ORIGIN,Thailand,764,2024-03-05 07:43:34.231 +0100
The Bahamas,ST_TRA_VISITORS_ORIGIN,Bahamas,044,2024-03-05 07:43:34.231 +0100
Timor Oriental,AX_INE_EXP_TOURISM_ALL_TODAY,Timor Oriental,626,2025-01-09 10:43:39.933 +0100
Timor-Leste,ST_TRA_VISITORS_ORIGIN,Timor Oriental,626,2024-03-05 07:43:34.231 +0100
Todos los Paises,ST_FLX_SALIDA_NACIONALIDAD,Todos los Paises,Total,2024-03-05 07:44:05.186 +0100
Togo,ST_FLX_SALIDA_NACIONALIDAD,Togo,768,2024-03-05 07:44:05.186 +0100
Tonga,ST_TRA_VISITORS_ORIGIN,Tonga,776,2024-03-05 07:43:34.231 +0100
Trinidad and Tobago,ST_TRA_VISITORS_ORIGIN,Trinidad and Tobago,780,2024-03-05 07:43:34.231 +0100
Trinidad y Tobago,AX_INE_EXP_TOURISM_ALL_TODAY,Trinidad y Tobago,780,2025-01-09 10:43:39.933 +0100
Túnez,ST_FLX_SALIDA_NACIONALIDAD,Tunez,788,2024-03-05 07:44:05.186 +0100
Tunisia,ST_TRA_VISITORS_ORIGIN,Tunisia,788,2024-03-05 07:43:34.231 +0100
Turkey,ST_TRA_VISITORS_ORIGIN,Turkey,792,2024-03-05 07:43:34.231 +0100
Turkmenistan,ST_TRA_VISITORS_ORIGIN,Turkmenistán,795,2024-03-05 07:43:34.231 +0100
Turkmenistán,AX_INE_EXP_TOURISM_ALL_TODAY,Turkmenistán,795,2025-01-09 10:43:39.933 +0100
Turks and Caicos Islands,ST_TRA_VISITORS_ORIGIN,Turks and Caicos Islands,796,2024-03-05 07:43:34.231 +0100
Turquía,ST_FLX_SALIDA_NACIONALIDAD,Turquía,792,2024-03-05 07:44:05.186 +0100
Tuvalu,ST_TRA_VISITORS_ORIGIN,Tuvalu,798,2024-03-05 07:43:34.231 +0100
U.S. Virgin Islands,ST_TRA_VISITORS_ORIGIN,United States Virgin Islands,850,2024-03-05 07:43:34.231 +0100
Ucrania,ST_FLX_SALIDA_NACIONALIDAD,Ucrania,804,2024-03-05 07:44:05.186 +0100
UE27_2020 sin España,AX_INE_EXP_TOURISM_ALL_TODAY,Europa (sin España),99990,2025-01-09 10:10:29.196 +0100
Uganda,ST_TRA_VISITORS_ORIGIN,Uganda,800,2024-03-05 07:43:34.231 +0100
Ukraine,ST_TRA_VISITORS_ORIGIN,Ukraine,804,2024-03-05 07:43:34.231 +0100
United Arab Emirates,ST_TRA_VISITORS_ORIGIN,United Arab Emirates,784,2024-03-05 07:43:34.231 +0100
United Kingdom,ST_TRA_VISITORS_ORIGIN,United Kingdom,826,2024-03-05 07:43:34.231 +0100
United States,ST_TRA_VISITORS_ORIGIN,United States Of America,840,2024-03-05 07:43:34.231 +0100
Uruguay,ST_TRA_VISITORS_ORIGIN,Uruguay,858,2024-03-05 07:43:34.231 +0100
Uzbekistan,ST_TRA_VISITORS_ORIGIN,Uzbekistán,860,2024-03-05 07:43:34.231 +0100
Uzbekistán,AX_INE_EXP_TOURISM_ALL_TODAY,Uzbekistán,860,2025-01-09 10:43:39.933 +0100
Vanuatu,ST_TRA_VISITORS_ORIGIN,Vanuatu,548,2024-03-05 07:43:34.231 +0100
Venezuela,ST_TRA_VISITORS_ORIGIN,Venezuela,862,2024-03-05 07:43:34.231 +0100
Vietnam,ST_TRA_VISITORS_ORIGIN,Vietnam,704,2024-03-05 07:43:34.231 +0100
Wallis and Futuna,ST_TRA_VISITORS_ORIGIN,Wallis and Futuna,876,2024-03-05 07:43:34.231 +0100
Yemen,ST_TRA_VISITORS_ORIGIN,Yemen,887,2024-03-05 07:43:34.231 +0100
Zambia,ST_TRA_VISITORS_ORIGIN,Zambia,894,2024-03-05 07:43:34.231 +0100
Zimbabwe,ST_TRA_VISITORS_ORIGIN,Zimbabwe,716,2024-03-05 07:43:34.231 +0100
