DATAFLOW,LAST UPDATE,freq,indic_to,c_resid,unit,cities,TIME_PERIOD,OBS_VALUE
ESTAT:TOUR_CE_OARC(1.0),17/07/24 11:00:00,A,LSTY,DOM,NR,ES001C,2018,716270
ESTAT:TOUR_CE_OARC(1.0),17/07/24 11:00:00,A,LSTY,DOM,NR,ES001C,2019,745709
ESTAT:TOUR_CE_OARC(1.0),17/07/24 11:00:00,A,LSTY,DOM,NR,ES001C,2020,430745
ESTAT:TOUR_CE_OARC(1.0),17/07/24 11:00:00,A,LSTY,DOM,NR,ES001C,2021,582377
ESTAT:TOUR_CE_OARC(1.0),17/07/24 11:00:00,A,LSTY,DOM,NR,ES001C,2022,762425
ESTAT:TOUR_CE_OARC(1.0),17/07/24 11:00:00,A,LSTY,DOM,NR,ES001C,2023,1006458
ESTAT:TOUR_CE_OARC(1.0),17/07/24 11:00:00,A,LSTY,DOM,NR,ES002C,2018,300889
ESTAT:TOUR_CE_OARC(1.0),17/07/24 11:00:00,A,LSTY,DOM,NR,ES002C,2019,281074
ESTAT:TOUR_CE_OARC(1.0),17/07/24 11:00:00,A,LSTY,DOM,NR,ES002C,2020,235534
ESTAT:TOUR_CE_OARC(1.0),17/07/24 11:00:00,A,LSTY,DOM,NR,ES002C,2021,278181
ESTAT:TOUR_CE_OARC(1.0),17/07/24 11:00:00,A,LSTY,DOM,NR,ES002C,2022,286798
ESTAT:TOUR_CE_OARC(1.0),17/07/24 11:00:00,A,LSTY,DOM,NR,ES002C,2023,340948
ESTAT:TOUR_CE_OARC(1.0),17/07/24 11:00:00,A,LSTY,DOM,NR,ES003C,2018,272653
ESTAT:TOUR_CE_OARC(1.0),17/07/24 11:00:00,A,LSTY,DOM,NR,ES003C,2019,300855
ESTAT:TOUR_CE_OARC(1.0),17/07/24 11:00:00,A,LSTY,DOM,NR,ES003C,2020,198629
ESTAT:TOUR_CE_OARC(1.0),17/07/24 11:00:00,A,LSTY,DOM,NR,ES003C,2021,240843
ESTAT:TOUR_CE_OARC(1.0),17/07/24 11:00:00,A,LSTY,DOM,NR,ES003C,2022,290558
ESTAT:TOUR_CE_OARC(1.0),17/07/24 11:00:00,A,LSTY,DOM,NR,ES003C,2023,352124
ESTAT:TOUR_CE_OARC(1.0),17/07/24 11:00:00,A,LSTY,DOM,NR,ES004C,2018,279692
ESTAT:TOUR_CE_OARC(1.0),17/07/24 11:00:00,A,LSTY,DOM,NR,ES004C,2019,339822
ESTAT:TOUR_CE_OARC(1.0),17/07/24 11:00:00,A,LSTY,DOM,NR,ES004C,2020,172657
ESTAT:TOUR_CE_OARC(1.0),17/07/24 11:00:00,A,LSTY,DOM,NR,ES004C,2021,274326
ESTAT:TOUR_CE_OARC(1.0),17/07/24 11:00:00,A,LSTY,DOM,NR,ES004C,2022,441131
ESTAT:TOUR_CE_OARC(1.0),17/07/24 11:00:00,A,LSTY,DOM,NR,ES004C,2023,505105
ESTAT:TOUR_CE_OARC(1.0),17/07/24 11:00:00,A,LSTY,DOM,NR,ES006C,2018,234517
ESTAT:TOUR_CE_OARC(1.0),17/07/24 11:00:00,A,LSTY,DOM,NR,ES006C,2019,280214
ESTAT:TOUR_CE_OARC(1.0),17/07/24 11:00:00,A,LSTY,DOM,NR,ES006C,2020,176506
ESTAT:TOUR_CE_OARC(1.0),17/07/24 11:00:00,A,LSTY,DOM,NR,ES006C,2021,275995
ESTAT:TOUR_CE_OARC(1.0),17/07/24 11:00:00,A,LSTY,DOM,NR,ES006C,2022,381683
ESTAT:TOUR_CE_OARC(1.0),17/07/24 11:00:00,A,LSTY,DOM,NR,ES006C,2023,419461
ESTAT:TOUR_CE_OARC(1.0),17/07/24 11:00:00,A,LSTY,DOM,NR,ES008C,2018,105764
ESTAT:TOUR_CE_OARC(1.0),17/07/24 11:00:00,A,LSTY,DOM,NR,ES008C,2019,113715
ESTAT:TOUR_CE_OARC(1.0),17/07/24 11:00:00,A,LSTY,DOM,NR,ES008C,2020,79494
ESTAT:TOUR_CE_OARC(1.0),17/07/24 11:00:00,A,LSTY,DOM,NR,ES008C,2021,101392
ESTAT:TOUR_CE_OARC(1.0),17/07/24 11:00:00,A,LSTY,DOM,NR,ES008C,2022,143044
ESTAT:TOUR_CE_OARC(1.0),17/07/24 11:00:00,A,LSTY,DOM,NR,ES008C,2023,162985
ESTAT:TOUR_CE_OARC(1.0),17/07/24 11:00:00,A,LSTY,DOM,NR,ES010C,2018,34484
ESTAT:TOUR_CE_OARC(1.0),17/07/24 11:00:00,A,LSTY,DOM,NR,ES010C,2019,33112
ESTAT:TOUR_CE_OARC(1.0),17/07/24 11:00:00,A,LSTY,DOM,NR,ES010C,2020,30039
ESTAT:TOUR_CE_OARC(1.0),17/07/24 11:00:00,A,LSTY,DOM,NR,ES010C,2021,37660
ESTAT:TOUR_CE_OARC(1.0),17/07/24 11:00:00,A,LSTY,DOM,NR,ES010C,2022,43157
ESTAT:TOUR_CE_OARC(1.0),17/07/24 11:00:00,A,LSTY,DOM,NR,ES010C,2023,38443
ESTAT:TOUR_CE_OARC(1.0),17/07/24 11:00:00,A,LSTY,DOM,NR,ES021C,2018,95250
ESTAT:TOUR_CE_OARC(1.0),17/07/24 11:00:00,A,LSTY,DOM,NR,ES021C,2019,103241
ESTAT:TOUR_CE_OARC(1.0),17/07/24 11:00:00,A,LSTY,DOM,NR,ES021C,2020,78598
ESTAT:TOUR_CE_OARC(1.0),17/07/24 11:00:00,A,LSTY,DOM,NR,ES021C,2021,114592
ESTAT:TOUR_CE_OARC(1.0),17/07/24 11:00:00,A,LSTY,DOM,NR,ES021C,2022,131927
ESTAT:TOUR_CE_OARC(1.0),17/07/24 11:00:00,A,LSTY,DOM,NR,ES021C,2023,151921
ESTAT:TOUR_CE_OARC(1.0),17/07/24 11:00:00,A,LSTY,DOM,NR,ES024C,2018,62804
ESTAT:TOUR_CE_OARC(1.0),17/07/24 11:00:00,A,LSTY,DOM,NR,ES024C,2019,75050
ESTAT:TOUR_CE_OARC(1.0),17/07/24 11:00:00,A,LSTY,DOM,NR,ES024C,2020,56869
ESTAT:TOUR_CE_OARC(1.0),17/07/24 11:00:00,A,LSTY,DOM,NR,ES024C,2021,68845
ESTAT:TOUR_CE_OARC(1.0),17/07/24 11:00:00,A,LSTY,DOM,NR,ES024C,2022,94540
ESTAT:TOUR_CE_OARC(1.0),17/07/24 11:00:00,A,LSTY,DOM,NR,ES024C,2023,110746
ESTAT:TOUR_CE_OARC(1.0),17/07/24 11:00:00,A,LSTY,DOM,NR,ES032C,2018,70216
ESTAT:TOUR_CE_OARC(1.0),17/07/24 11:00:00,A,LSTY,DOM,NR,ES032C,2019,80639
ESTAT:TOUR_CE_OARC(1.0),17/07/24 11:00:00,A,LSTY,DOM,NR,ES032C,2020,61083
ESTAT:TOUR_CE_OARC(1.0),17/07/24 11:00:00,A,LSTY,DOM,NR,ES032C,2021,107709
ESTAT:TOUR_CE_OARC(1.0),17/07/24 11:00:00,A,LSTY,DOM,NR,ES032C,2022,116021
ESTAT:TOUR_CE_OARC(1.0),17/07/24 11:00:00,A,LSTY,DOM,NR,ES032C,2023,141523
ESTAT:TOUR_CE_OARC(1.0),17/07/24 11:00:00,A,LSTY,DOM,NR,ES033C,2018,52159
ESTAT:TOUR_CE_OARC(1.0),17/07/24 11:00:00,A,LSTY,DOM,NR,ES033C,2019,57490
ESTAT:TOUR_CE_OARC(1.0),17/07/24 11:00:00,A,LSTY,DOM,NR,ES033C,2020,37223
ESTAT:TOUR_CE_OARC(1.0),17/07/24 11:00:00,A,LSTY,DOM,NR,ES033C,2021,53354
ESTAT:TOUR_CE_OARC(1.0),17/07/24 11:00:00,A,LSTY,DOM,NR,ES033C,2022,71589
ESTAT:TOUR_CE_OARC(1.0),17/07/24 11:00:00,A,LSTY,DOM,NR,ES033C,2023,85497
ESTAT:TOUR_CE_OARC(1.0),17/07/24 11:00:00,A,LSTY,DOM,NR,ES044C,2018,125716
ESTAT:TOUR_CE_OARC(1.0),17/07/24 11:00:00,A,LSTY,DOM,NR,ES044C,2019,143283
ESTAT:TOUR_CE_OARC(1.0),17/07/24 11:00:00,A,LSTY,DOM,NR,ES044C,2020,84010
ESTAT:TOUR_CE_OARC(1.0),17/07/24 11:00:00,A,LSTY,DOM,NR,ES044C,2021,179984
ESTAT:TOUR_CE_OARC(1.0),17/07/24 11:00:00,A,LSTY,DOM,NR,ES044C,2022,222561
ESTAT:TOUR_CE_OARC(1.0),17/07/24 11:00:00,A,LSTY,DOM,NR,ES044C,2023,242152
ESTAT:TOUR_CE_OARC(1.0),17/07/24 11:00:00,A,LSTY,DOM,NR,ES048C,2018,41457
ESTAT:TOUR_CE_OARC(1.0),17/07/24 11:00:00,A,LSTY,DOM,NR,ES048C,2019,54976
ESTAT:TOUR_CE_OARC(1.0),17/07/24 11:00:00,A,LSTY,DOM,NR,ES048C,2020,33893
ESTAT:TOUR_CE_OARC(1.0),17/07/24 11:00:00,A,LSTY,DOM,NR,ES048C,2021,70236
ESTAT:TOUR_CE_OARC(1.0),17/07/24 11:00:00,A,LSTY,DOM,NR,ES048C,2022,83685
ESTAT:TOUR_CE_OARC(1.0),17/07/24 11:00:00,A,LSTY,DOM,NR,ES048C,2023,92624
ESTAT:TOUR_CE_OARC(1.0),17/07/24 11:00:00,A,LSTY,DOM,NR,ES052C,2018,63744
ESTAT:TOUR_CE_OARC(1.0),17/07/24 11:00:00,A,LSTY,DOM,NR,ES052C,2019,83988
ESTAT:TOUR_CE_OARC(1.0),17/07/24 11:00:00,A,LSTY,DOM,NR,ES052C,2020,57019
ESTAT:TOUR_CE_OARC(1.0),17/07/24 11:00:00,A,LSTY,DOM,NR,ES052C,2021,96905
ESTAT:TOUR_CE_OARC(1.0),17/07/24 11:00:00,A,LSTY,DOM,NR,ES052C,2022,114990
ESTAT:TOUR_CE_OARC(1.0),17/07/24 11:00:00,A,LSTY,DOM,NR,ES052C,2023,124408
ESTAT:TOUR_CE_OARC(1.0),17/07/24 11:00:00,A,LSTY,DOM,NR,ES060C,2018,12277
ESTAT:TOUR_CE_OARC(1.0),17/07/24 11:00:00,A,LSTY,DOM,NR,ES060C,2019,16475
ESTAT:TOUR_CE_OARC(1.0),17/07/24 11:00:00,A,LSTY,DOM,NR,ES060C,2020,15268
ESTAT:TOUR_CE_OARC(1.0),17/07/24 11:00:00,A,LSTY,DOM,NR,ES060C,2021,21625
ESTAT:TOUR_CE_OARC(1.0),17/07/24 11:00:00,A,LSTY,DOM,NR,ES060C,2022,24147
ESTAT:TOUR_CE_OARC(1.0),17/07/24 11:00:00,A,LSTY,DOM,NR,ES060C,2023,27475
ESTAT:TOUR_CE_OARC(1.0),17/07/24 11:00:00,A,LSTY,DOM,NR,ES062C,2018,29774
ESTAT:TOUR_CE_OARC(1.0),17/07/24 11:00:00,A,LSTY,DOM,NR,ES062C,2019,40081
ESTAT:TOUR_CE_OARC(1.0),17/07/24 11:00:00,A,LSTY,DOM,NR,ES062C,2020,23249
ESTAT:TOUR_CE_OARC(1.0),17/07/24 11:00:00,A,LSTY,DOM,NR,ES062C,2021,40526
ESTAT:TOUR_CE_OARC(1.0),17/07/24 11:00:00,A,LSTY,DOM,NR,ES062C,2022,71889
ESTAT:TOUR_CE_OARC(1.0),17/07/24 11:00:00,A,LSTY,DOM,NR,ES062C,2023,87796
ESTAT:TOUR_CE_OARC(1.0),17/07/24 11:00:00,A,LSTY,DOM,NR,ES071C,2018,80261
ESTAT:TOUR_CE_OARC(1.0),17/07/24 11:00:00,A,LSTY,DOM,NR,ES071C,2019,105710
ESTAT:TOUR_CE_OARC(1.0),17/07/24 11:00:00,A,LSTY,DOM,NR,ES071C,2020,83225
ESTAT:TOUR_CE_OARC(1.0),17/07/24 11:00:00,A,LSTY,DOM,NR,ES071C,2021,115733
ESTAT:TOUR_CE_OARC(1.0),17/07/24 11:00:00,A,LSTY,DOM,NR,ES071C,2022,151342
ESTAT:TOUR_CE_OARC(1.0),17/07/24 11:00:00,A,LSTY,DOM,NR,ES071C,2023,169476
ESTAT:TOUR_CE_OARC(1.0),17/07/24 11:00:00,A,LSTY,DOM,NR,ES080C,2018,63216
ESTAT:TOUR_CE_OARC(1.0),17/07/24 11:00:00,A,LSTY,DOM,NR,ES080C,2019,73595
ESTAT:TOUR_CE_OARC(1.0),17/07/24 11:00:00,A,LSTY,DOM,NR,ES080C,2020,70188
ESTAT:TOUR_CE_OARC(1.0),17/07/24 11:00:00,A,LSTY,DOM,NR,ES080C,2021,104835
ESTAT:TOUR_CE_OARC(1.0),17/07/24 11:00:00,A,LSTY,DOM,NR,ES080C,2022,115779
ESTAT:TOUR_CE_OARC(1.0),17/07/24 11:00:00,A,LSTY,DOM,NR,ES080C,2023,120067
ESTAT:TOUR_CE_OARC(1.0),17/07/24 11:00:00,A,LSTY,DOM,NR,ES085C,2018,73395
ESTAT:TOUR_CE_OARC(1.0),17/07/24 11:00:00,A,LSTY,DOM,NR,ES085C,2019,97564
ESTAT:TOUR_CE_OARC(1.0),17/07/24 11:00:00,A,LSTY,DOM,NR,ES085C,2020,66121
ESTAT:TOUR_CE_OARC(1.0),17/07/24 11:00:00,A,LSTY,DOM,NR,ES085C,2021,114996
ESTAT:TOUR_CE_OARC(1.0),17/07/24 11:00:00,A,LSTY,DOM,NR,ES085C,2022,131562
ESTAT:TOUR_CE_OARC(1.0),17/07/24 11:00:00,A,LSTY,DOM,NR,ES085C,2023,139461
ESTAT:TOUR_CE_OARC(1.0),17/07/24 11:00:00,A,LSTY,DOM,NR,ES086C,2018,37686
ESTAT:TOUR_CE_OARC(1.0),17/07/24 11:00:00,A,LSTY,DOM,NR,ES086C,2019,45431
ESTAT:TOUR_CE_OARC(1.0),17/07/24 11:00:00,A,LSTY,DOM,NR,ES086C,2020,39024
ESTAT:TOUR_CE_OARC(1.0),17/07/24 11:00:00,A,LSTY,DOM,NR,ES086C,2021,51497
ESTAT:TOUR_CE_OARC(1.0),17/07/24 11:00:00,A,LSTY,DOM,NR,ES086C,2022,61807
ESTAT:TOUR_CE_OARC(1.0),17/07/24 11:00:00,A,LSTY,DOM,NR,ES086C,2023,78257
ESTAT:TOUR_CE_OARC(1.0),17/07/24 11:00:00,A,LSTY,DOM,NR,ES089C,2018,23762
ESTAT:TOUR_CE_OARC(1.0),17/07/24 11:00:00,A,LSTY,DOM,NR,ES089C,2019,21589
ESTAT:TOUR_CE_OARC(1.0),17/07/24 11:00:00,A,LSTY,DOM,NR,ES089C,2020,17790
ESTAT:TOUR_CE_OARC(1.0),17/07/24 11:00:00,A,LSTY,DOM,NR,ES089C,2021,21585
ESTAT:TOUR_CE_OARC(1.0),17/07/24 11:00:00,A,LSTY,DOM,NR,ES089C,2022,22363
ESTAT:TOUR_CE_OARC(1.0),17/07/24 11:00:00,A,LSTY,DOM,NR,ES089C,2023,17801
ESTAT:TOUR_CE_OARC(1.0),17/07/24 11:00:00,A,LSTY,DOM,NR,ES096C,2018,51133
ESTAT:TOUR_CE_OARC(1.0),17/07/24 11:00:00,A,LSTY,DOM,NR,ES096C,2019,54605
ESTAT:TOUR_CE_OARC(1.0),17/07/24 11:00:00,A,LSTY,DOM,NR,ES096C,2020,40463
ESTAT:TOUR_CE_OARC(1.0),17/07/24 11:00:00,A,LSTY,DOM,NR,ES096C,2021,58377
ESTAT:TOUR_CE_OARC(1.0),17/07/24 11:00:00,A,LSTY,DOM,NR,ES096C,2022,70669
ESTAT:TOUR_CE_OARC(1.0),17/07/24 11:00:00,A,LSTY,DOM,NR,ES096C,2023,78332
ESTAT:TOUR_CE_OARC(1.0),17/07/24 11:00:00,A,LSTY,FOR,NR,ES001C,2018,1937463
ESTAT:TOUR_CE_OARC(1.0),17/07/24 11:00:00,A,LSTY,FOR,NR,ES001C,2019,2232523
ESTAT:TOUR_CE_OARC(1.0),17/07/24 11:00:00,A,LSTY,FOR,NR,ES001C,2020,628971
ESTAT:TOUR_CE_OARC(1.0),17/07/24 11:00:00,A,LSTY,FOR,NR,ES001C,2021,944810
ESTAT:TOUR_CE_OARC(1.0),17/07/24 11:00:00,A,LSTY,FOR,NR,ES001C,2022,2031039
ESTAT:TOUR_CE_OARC(1.0),17/07/24 11:00:00,A,LSTY,FOR,NR,ES001C,2023,2636444
ESTAT:TOUR_CE_OARC(1.0),17/07/24 11:00:00,A,LSTY,FOR,NR,ES002C,2018,3273722
ESTAT:TOUR_CE_OARC(1.0),17/07/24 11:00:00,A,LSTY,FOR,NR,ES002C,2019,3481738
ESTAT:TOUR_CE_OARC(1.0),17/07/24 11:00:00,A,LSTY,FOR,NR,ES002C,2020,868776
ESTAT:TOUR_CE_OARC(1.0),17/07/24 11:00:00,A,LSTY,FOR,NR,ES002C,2021,1245462
ESTAT:TOUR_CE_OARC(1.0),17/07/24 11:00:00,A,LSTY,FOR,NR,ES002C,2022,2725487
ESTAT:TOUR_CE_OARC(1.0),17/07/24 11:00:00,A,LSTY,FOR,NR,ES002C,2023,3331301
ESTAT:TOUR_CE_OARC(1.0),17/07/24 11:00:00,A,LSTY,FOR,NR,ES003C,2018,965479
ESTAT:TOUR_CE_OARC(1.0),17/07/24 11:00:00,A,LSTY,FOR,NR,ES003C,2019,1116506
ESTAT:TOUR_CE_OARC(1.0),17/07/24 11:00:00,A,LSTY,FOR,NR,ES003C,2020,310314
ESTAT:TOUR_CE_OARC(1.0),17/07/24 11:00:00,A,LSTY,FOR,NR,ES003C,2021,523986
ESTAT:TOUR_CE_OARC(1.0),17/07/24 11:00:00,A,LSTY,FOR,NR,ES003C,2022,1093361
ESTAT:TOUR_CE_OARC(1.0),17/07/24 11:00:00,A,LSTY,FOR,NR,ES003C,2023,1400498
ESTAT:TOUR_CE_OARC(1.0),17/07/24 11:00:00,A,LSTY,FOR,NR,ES004C,2018,811408
ESTAT:TOUR_CE_OARC(1.0),17/07/24 11:00:00,A,LSTY,FOR,NR,ES004C,2019,1027756
ESTAT:TOUR_CE_OARC(1.0),17/07/24 11:00:00,A,LSTY,FOR,NR,ES004C,2020,264316
ESTAT:TOUR_CE_OARC(1.0),17/07/24 11:00:00,A,LSTY,FOR,NR,ES004C,2021,358286
ESTAT:TOUR_CE_OARC(1.0),17/07/24 11:00:00,A,LSTY,FOR,NR,ES004C,2022,965879
ESTAT:TOUR_CE_OARC(1.0),17/07/24 11:00:00,A,LSTY,FOR,NR,ES004C,2023,1265371
ESTAT:TOUR_CE_OARC(1.0),17/07/24 11:00:00,A,LSTY,FOR,NR,ES006C,2018,744018
ESTAT:TOUR_CE_OARC(1.0),17/07/24 11:00:00,A,LSTY,FOR,NR,ES006C,2019,916479
ESTAT:TOUR_CE_OARC(1.0),17/07/24 11:00:00,A,LSTY,FOR,NR,ES006C,2020,278886
ESTAT:TOUR_CE_OARC(1.0),17/07/24 11:00:00,A,LSTY,FOR,NR,ES006C,2021,480945
ESTAT:TOUR_CE_OARC(1.0),17/07/24 11:00:00,A,LSTY,FOR,NR,ES006C,2022,1091690
ESTAT:TOUR_CE_OARC(1.0),17/07/24 11:00:00,A,LSTY,FOR,NR,ES006C,2023,1499433
ESTAT:TOUR_CE_OARC(1.0),17/07/24 11:00:00,A,LSTY,FOR,NR,ES008C,2018,221314
ESTAT:TOUR_CE_OARC(1.0),17/07/24 11:00:00,A,LSTY,FOR,NR,ES008C,2019,216332
ESTAT:TOUR_CE_OARC(1.0),17/07/24 11:00:00,A,LSTY,FOR,NR,ES008C,2020,112389
ESTAT:TOUR_CE_OARC(1.0),17/07/24 11:00:00,A,LSTY,FOR,NR,ES008C,2021,158128
ESTAT:TOUR_CE_OARC(1.0),17/07/24 11:00:00,A,LSTY,FOR,NR,ES008C,2022,281429
ESTAT:TOUR_CE_OARC(1.0),17/07/24 11:00:00,A,LSTY,FOR,NR,ES008C,2023,344469
ESTAT:TOUR_CE_OARC(1.0),17/07/24 11:00:00,A,LSTY,FOR,NR,ES010C,2018,262614
ESTAT:TOUR_CE_OARC(1.0),17/07/24 11:00:00,A,LSTY,FOR,NR,ES010C,2019,267402
ESTAT:TOUR_CE_OARC(1.0),17/07/24 11:00:00,A,LSTY,FOR,NR,ES010C,2020,78599
ESTAT:TOUR_CE_OARC(1.0),17/07/24 11:00:00,A,LSTY,FOR,NR,ES010C,2021,171615
ESTAT:TOUR_CE_OARC(1.0),17/07/24 11:00:00,A,LSTY,FOR,NR,ES010C,2022,284588
ESTAT:TOUR_CE_OARC(1.0),17/07/24 11:00:00,A,LSTY,FOR,NR,ES010C,2023,272741
ESTAT:TOUR_CE_OARC(1.0),17/07/24 11:00:00,A,LSTY,FOR,NR,ES021C,2018,315136
ESTAT:TOUR_CE_OARC(1.0),17/07/24 11:00:00,A,LSTY,FOR,NR,ES021C,2019,390313
ESTAT:TOUR_CE_OARC(1.0),17/07/24 11:00:00,A,LSTY,FOR,NR,ES021C,2020,123211
ESTAT:TOUR_CE_OARC(1.0),17/07/24 11:00:00,A,LSTY,FOR,NR,ES021C,2021,207990
ESTAT:TOUR_CE_OARC(1.0),17/07/24 11:00:00,A,LSTY,FOR,NR,ES021C,2022,439208
ESTAT:TOUR_CE_OARC(1.0),17/07/24 11:00:00,A,LSTY,FOR,NR,ES021C,2023,540810
ESTAT:TOUR_CE_OARC(1.0),17/07/24 11:00:00,A,LSTY,FOR,NR,ES024C,2018,115087
ESTAT:TOUR_CE_OARC(1.0),17/07/24 11:00:00,A,LSTY,FOR,NR,ES024C,2019,126237
ESTAT:TOUR_CE_OARC(1.0),17/07/24 11:00:00,A,LSTY,FOR,NR,ES024C,2020,65228
ESTAT:TOUR_CE_OARC(1.0),17/07/24 11:00:00,A,LSTY,FOR,NR,ES024C,2021,100675
ESTAT:TOUR_CE_OARC(1.0),17/07/24 11:00:00,A,LSTY,FOR,NR,ES024C,2022,165315
ESTAT:TOUR_CE_OARC(1.0),17/07/24 11:00:00,A,LSTY,FOR,NR,ES024C,2023,192322
ESTAT:TOUR_CE_OARC(1.0),17/07/24 11:00:00,A,LSTY,FOR,NR,ES032C,2018,151638
ESTAT:TOUR_CE_OARC(1.0),17/07/24 11:00:00,A,LSTY,FOR,NR,ES032C,2019,176715
ESTAT:TOUR_CE_OARC(1.0),17/07/24 11:00:00,A,LSTY,FOR,NR,ES032C,2020,58584
ESTAT:TOUR_CE_OARC(1.0),17/07/24 11:00:00,A,LSTY,FOR,NR,ES032C,2021,103557
ESTAT:TOUR_CE_OARC(1.0),17/07/24 11:00:00,A,LSTY,FOR,NR,ES032C,2022,240388
ESTAT:TOUR_CE_OARC(1.0),17/07/24 11:00:00,A,LSTY,FOR,NR,ES032C,2023,295734
ESTAT:TOUR_CE_OARC(1.0),17/07/24 11:00:00,A,LSTY,FOR,NR,ES033C,2018,20547
ESTAT:TOUR_CE_OARC(1.0),17/07/24 11:00:00,A,LSTY,FOR,NR,ES033C,2019,22131
ESTAT:TOUR_CE_OARC(1.0),17/07/24 11:00:00,A,LSTY,FOR,NR,ES033C,2020,6470
ESTAT:TOUR_CE_OARC(1.0),17/07/24 11:00:00,A,LSTY,FOR,NR,ES033C,2021,10052
ESTAT:TOUR_CE_OARC(1.0),17/07/24 11:00:00,A,LSTY,FOR,NR,ES033C,2022,18413
ESTAT:TOUR_CE_OARC(1.0),17/07/24 11:00:00,A,LSTY,FOR,NR,ES033C,2023,21724
ESTAT:TOUR_CE_OARC(1.0),17/07/24 11:00:00,A,LSTY,FOR,NR,ES044C,2018,284105
ESTAT:TOUR_CE_OARC(1.0),17/07/24 11:00:00,A,LSTY,FOR,NR,ES044C,2019,302701
ESTAT:TOUR_CE_OARC(1.0),17/07/24 11:00:00,A,LSTY,FOR,NR,ES044C,2020,81937
ESTAT:TOUR_CE_OARC(1.0),17/07/24 11:00:00,A,LSTY,FOR,NR,ES044C,2021,119173
ESTAT:TOUR_CE_OARC(1.0),17/07/24 11:00:00,A,LSTY,FOR,NR,ES044C,2022,346663
ESTAT:TOUR_CE_OARC(1.0),17/07/24 11:00:00,A,LSTY,FOR,NR,ES044C,2023,434344
ESTAT:TOUR_CE_OARC(1.0),17/07/24 11:00:00,A,LSTY,FOR,NR,ES048C,2018,151117
ESTAT:TOUR_CE_OARC(1.0),17/07/24 11:00:00,A,LSTY,FOR,NR,ES048C,2019,182422
ESTAT:TOUR_CE_OARC(1.0),17/07/24 11:00:00,A,LSTY,FOR,NR,ES048C,2020,54732
ESTAT:TOUR_CE_OARC(1.0),17/07/24 11:00:00,A,LSTY,FOR,NR,ES048C,2021,85125
ESTAT:TOUR_CE_OARC(1.0),17/07/24 11:00:00,A,LSTY,FOR,NR,ES048C,2022,218473
ESTAT:TOUR_CE_OARC(1.0),17/07/24 11:00:00,A,LSTY,FOR,NR,ES048C,2023,298483
ESTAT:TOUR_CE_OARC(1.0),17/07/24 11:00:00,A,LSTY,FOR,NR,ES052C,2018,177654
ESTAT:TOUR_CE_OARC(1.0),17/07/24 11:00:00,A,LSTY,FOR,NR,ES052C,2019,220396
ESTAT:TOUR_CE_OARC(1.0),17/07/24 11:00:00,A,LSTY,FOR,NR,ES052C,2020,70514
ESTAT:TOUR_CE_OARC(1.0),17/07/24 11:00:00,A,LSTY,FOR,NR,ES052C,2021,111851
ESTAT:TOUR_CE_OARC(1.0),17/07/24 11:00:00,A,LSTY,FOR,NR,ES052C,2022,264039
ESTAT:TOUR_CE_OARC(1.0),17/07/24 11:00:00,A,LSTY,FOR,NR,ES052C,2023,344382
ESTAT:TOUR_CE_OARC(1.0),17/07/24 11:00:00,A,LSTY,FOR,NR,ES060C,2018,25125
ESTAT:TOUR_CE_OARC(1.0),17/07/24 11:00:00,A,LSTY,FOR,NR,ES060C,2019,31998
ESTAT:TOUR_CE_OARC(1.0),17/07/24 11:00:00,A,LSTY,FOR,NR,ES060C,2020,10489
ESTAT:TOUR_CE_OARC(1.0),17/07/24 11:00:00,A,LSTY,FOR,NR,ES060C,2021,19494
ESTAT:TOUR_CE_OARC(1.0),17/07/24 11:00:00,A,LSTY,FOR,NR,ES060C,2022,42543
ESTAT:TOUR_CE_OARC(1.0),17/07/24 11:00:00,A,LSTY,FOR,NR,ES060C,2023,50785
ESTAT:TOUR_CE_OARC(1.0),17/07/24 11:00:00,A,LSTY,FOR,NR,ES062C,2018,30203
ESTAT:TOUR_CE_OARC(1.0),17/07/24 11:00:00,A,LSTY,FOR,NR,ES062C,2019,36899
ESTAT:TOUR_CE_OARC(1.0),17/07/24 11:00:00,A,LSTY,FOR,NR,ES062C,2020,12386
ESTAT:TOUR_CE_OARC(1.0),17/07/24 11:00:00,A,LSTY,FOR,NR,ES062C,2021,14184
ESTAT:TOUR_CE_OARC(1.0),17/07/24 11:00:00,A,LSTY,FOR,NR,ES062C,2022,35016
ESTAT:TOUR_CE_OARC(1.0),17/07/24 11:00:00,A,LSTY,FOR,NR,ES062C,2023,39791
ESTAT:TOUR_CE_OARC(1.0),17/07/24 11:00:00,A,LSTY,FOR,NR,ES071C,2018,89262
ESTAT:TOUR_CE_OARC(1.0),17/07/24 11:00:00,A,LSTY,FOR,NR,ES071C,2019,104921
ESTAT:TOUR_CE_OARC(1.0),17/07/24 11:00:00,A,LSTY,FOR,NR,ES071C,2020,24954
ESTAT:TOUR_CE_OARC(1.0),17/07/24 11:00:00,A,LSTY,FOR,NR,ES071C,2021,46739
ESTAT:TOUR_CE_OARC(1.0),17/07/24 11:00:00,A,LSTY,FOR,NR,ES071C,2022,109846
ESTAT:TOUR_CE_OARC(1.0),17/07/24 11:00:00,A,LSTY,FOR,NR,ES071C,2023,127898
ESTAT:TOUR_CE_OARC(1.0),17/07/24 11:00:00,A,LSTY,FOR,NR,ES080C,2018,328209
ESTAT:TOUR_CE_OARC(1.0),17/07/24 11:00:00,A,LSTY,FOR,NR,ES080C,2019,374198
ESTAT:TOUR_CE_OARC(1.0),17/07/24 11:00:00,A,LSTY,FOR,NR,ES080C,2020,124430
ESTAT:TOUR_CE_OARC(1.0),17/07/24 11:00:00,A,LSTY,FOR,NR,ES080C,2021,272915
ESTAT:TOUR_CE_OARC(1.0),17/07/24 11:00:00,A,LSTY,FOR,NR,ES080C,2022,536756
ESTAT:TOUR_CE_OARC(1.0),17/07/24 11:00:00,A,LSTY,FOR,NR,ES080C,2023,633033
ESTAT:TOUR_CE_OARC(1.0),17/07/24 11:00:00,A,LSTY,FOR,NR,ES085C,2018,221656
ESTAT:TOUR_CE_OARC(1.0),17/07/24 11:00:00,A,LSTY,FOR,NR,ES085C,2019,282196
ESTAT:TOUR_CE_OARC(1.0),17/07/24 11:00:00,A,LSTY,FOR,NR,ES085C,2020,94772
ESTAT:TOUR_CE_OARC(1.0),17/07/24 11:00:00,A,LSTY,FOR,NR,ES085C,2021,130677
ESTAT:TOUR_CE_OARC(1.0),17/07/24 11:00:00,A,LSTY,FOR,NR,ES085C,2022,321282
ESTAT:TOUR_CE_OARC(1.0),17/07/24 11:00:00,A,LSTY,FOR,NR,ES085C,2023,430391
ESTAT:TOUR_CE_OARC(1.0),17/07/24 11:00:00,A,LSTY,FOR,NR,ES086C,2018,15255
ESTAT:TOUR_CE_OARC(1.0),17/07/24 11:00:00,A,LSTY,FOR,NR,ES086C,2019,16754
ESTAT:TOUR_CE_OARC(1.0),17/07/24 11:00:00,A,LSTY,FOR,NR,ES086C,2020,5059
ESTAT:TOUR_CE_OARC(1.0),17/07/24 11:00:00,A,LSTY,FOR,NR,ES086C,2021,7476
ESTAT:TOUR_CE_OARC(1.0),17/07/24 11:00:00,A,LSTY,FOR,NR,ES086C,2022,17063
ESTAT:TOUR_CE_OARC(1.0),17/07/24 11:00:00,A,LSTY,FOR,NR,ES086C,2023,22650
ESTAT:TOUR_CE_OARC(1.0),17/07/24 11:00:00,A,LSTY,FOR,NR,ES089C,2018,136531
ESTAT:TOUR_CE_OARC(1.0),17/07/24 11:00:00,A,LSTY,FOR,NR,ES089C,2019,121542
ESTAT:TOUR_CE_OARC(1.0),17/07/24 11:00:00,A,LSTY,FOR,NR,ES089C,2020,22430
ESTAT:TOUR_CE_OARC(1.0),17/07/24 11:00:00,A,LSTY,FOR,NR,ES089C,2021,64224
ESTAT:TOUR_CE_OARC(1.0),17/07/24 11:00:00,A,LSTY,FOR,NR,ES089C,2022,112204
ESTAT:TOUR_CE_OARC(1.0),17/07/24 11:00:00,A,LSTY,FOR,NR,ES089C,2023,101508
ESTAT:TOUR_CE_OARC(1.0),17/07/24 11:00:00,A,LSTY,FOR,NR,ES096C,2018,123465
ESTAT:TOUR_CE_OARC(1.0),17/07/24 11:00:00,A,LSTY,FOR,NR,ES096C,2019,130601
ESTAT:TOUR_CE_OARC(1.0),17/07/24 11:00:00,A,LSTY,FOR,NR,ES096C,2020,69143
ESTAT:TOUR_CE_OARC(1.0),17/07/24 11:00:00,A,LSTY,FOR,NR,ES096C,2021,112533
ESTAT:TOUR_CE_OARC(1.0),17/07/24 11:00:00,A,LSTY,FOR,NR,ES096C,2022,176482
ESTAT:TOUR_CE_OARC(1.0),17/07/24 11:00:00,A,LSTY,FOR,NR,ES096C,2023,201543
ESTAT:TOUR_CE_OARC(1.0),17/07/24 11:00:00,A,NGT_SP,DOM,NR,ES001C,2018,1937329
ESTAT:TOUR_CE_OARC(1.0),17/07/24 11:00:00,A,NGT_SP,DOM,NR,ES001C,2019,2031321
ESTAT:TOUR_CE_OARC(1.0),17/07/24 11:00:00,A,NGT_SP,DOM,NR,ES001C,2020,961173
ESTAT:TOUR_CE_OARC(1.0),17/07/24 11:00:00,A,NGT_SP,DOM,NR,ES001C,2021,1377647
ESTAT:TOUR_CE_OARC(1.0),17/07/24 11:00:00,A,NGT_SP,DOM,NR,ES001C,2022,1987410
ESTAT:TOUR_CE_OARC(1.0),17/07/24 11:00:00,A,NGT_SP,DOM,NR,ES001C,2023,2711022
ESTAT:TOUR_CE_OARC(1.0),17/07/24 11:00:00,A,NGT_SP,DOM,NR,ES002C,2018,797658
ESTAT:TOUR_CE_OARC(1.0),17/07/24 11:00:00,A,NGT_SP,DOM,NR,ES002C,2019,730911
ESTAT:TOUR_CE_OARC(1.0),17/07/24 11:00:00,A,NGT_SP,DOM,NR,ES002C,2020,508349
ESTAT:TOUR_CE_OARC(1.0),17/07/24 11:00:00,A,NGT_SP,DOM,NR,ES002C,2021,662142
ESTAT:TOUR_CE_OARC(1.0),17/07/24 11:00:00,A,NGT_SP,DOM,NR,ES002C,2022,753821
ESTAT:TOUR_CE_OARC(1.0),17/07/24 11:00:00,A,NGT_SP,DOM,NR,ES002C,2023,925769
ESTAT:TOUR_CE_OARC(1.0),17/07/24 11:00:00,A,NGT_SP,DOM,NR,ES003C,2018,846232
ESTAT:TOUR_CE_OARC(1.0),17/07/24 11:00:00,A,NGT_SP,DOM,NR,ES003C,2019,936053
ESTAT:TOUR_CE_OARC(1.0),17/07/24 11:00:00,A,NGT_SP,DOM,NR,ES003C,2020,523043
ESTAT:TOUR_CE_OARC(1.0),17/07/24 11:00:00,A,NGT_SP,DOM,NR,ES003C,2021,659150
ESTAT:TOUR_CE_OARC(1.0),17/07/24 11:00:00,A,NGT_SP,DOM,NR,ES003C,2022,847035
ESTAT:TOUR_CE_OARC(1.0),17/07/24 11:00:00,A,NGT_SP,DOM,NR,ES003C,2023,1033830
ESTAT:TOUR_CE_OARC(1.0),17/07/24 11:00:00,A,NGT_SP,DOM,NR,ES004C,2018,849302
ESTAT:TOUR_CE_OARC(1.0),17/07/24 11:00:00,A,NGT_SP,DOM,NR,ES004C,2019,1054054
ESTAT:TOUR_CE_OARC(1.0),17/07/24 11:00:00,A,NGT_SP,DOM,NR,ES004C,2020,463383
ESTAT:TOUR_CE_OARC(1.0),17/07/24 11:00:00,A,NGT_SP,DOM,NR,ES004C,2021,748414
ESTAT:TOUR_CE_OARC(1.0),17/07/24 11:00:00,A,NGT_SP,DOM,NR,ES004C,2022,1311035
ESTAT:TOUR_CE_OARC(1.0),17/07/24 11:00:00,A,NGT_SP,DOM,NR,ES004C,2023,1512552
ESTAT:TOUR_CE_OARC(1.0),17/07/24 11:00:00,A,NGT_SP,DOM,NR,ES006C,2018,723913
ESTAT:TOUR_CE_OARC(1.0),17/07/24 11:00:00,A,NGT_SP,DOM,NR,ES006C,2019,855207
ESTAT:TOUR_CE_OARC(1.0),17/07/24 11:00:00,A,NGT_SP,DOM,NR,ES006C,2020,475618
ESTAT:TOUR_CE_OARC(1.0),17/07/24 11:00:00,A,NGT_SP,DOM,NR,ES006C,2021,773649
ESTAT:TOUR_CE_OARC(1.0),17/07/24 11:00:00,A,NGT_SP,DOM,NR,ES006C,2022,1111729
ESTAT:TOUR_CE_OARC(1.0),17/07/24 11:00:00,A,NGT_SP,DOM,NR,ES006C,2023,1244131
ESTAT:TOUR_CE_OARC(1.0),17/07/24 11:00:00,A,NGT_SP,DOM,NR,ES008C,2018,263469
ESTAT:TOUR_CE_OARC(1.0),17/07/24 11:00:00,A,NGT_SP,DOM,NR,ES008C,2019,281773
ESTAT:TOUR_CE_OARC(1.0),17/07/24 11:00:00,A,NGT_SP,DOM,NR,ES008C,2020,181274
ESTAT:TOUR_CE_OARC(1.0),17/07/24 11:00:00,A,NGT_SP,DOM,NR,ES008C,2021,230066
ESTAT:TOUR_CE_OARC(1.0),17/07/24 11:00:00,A,NGT_SP,DOM,NR,ES008C,2022,335819
ESTAT:TOUR_CE_OARC(1.0),17/07/24 11:00:00,A,NGT_SP,DOM,NR,ES008C,2023,396037
ESTAT:TOUR_CE_OARC(1.0),17/07/24 11:00:00,A,NGT_SP,DOM,NR,ES010C,2018,93256
ESTAT:TOUR_CE_OARC(1.0),17/07/24 11:00:00,A,NGT_SP,DOM,NR,ES010C,2019,90076
ESTAT:TOUR_CE_OARC(1.0),17/07/24 11:00:00,A,NGT_SP,DOM,NR,ES010C,2020,74968
ESTAT:TOUR_CE_OARC(1.0),17/07/24 11:00:00,A,NGT_SP,DOM,NR,ES010C,2021,97884
ESTAT:TOUR_CE_OARC(1.0),17/07/24 11:00:00,A,NGT_SP,DOM,NR,ES010C,2022,113674
ESTAT:TOUR_CE_OARC(1.0),17/07/24 11:00:00,A,NGT_SP,DOM,NR,ES010C,2023,102653
ESTAT:TOUR_CE_OARC(1.0),17/07/24 11:00:00,A,NGT_SP,DOM,NR,ES021C,2018,308244
ESTAT:TOUR_CE_OARC(1.0),17/07/24 11:00:00,A,NGT_SP,DOM,NR,ES021C,2019,336102
ESTAT:TOUR_CE_OARC(1.0),17/07/24 11:00:00,A,NGT_SP,DOM,NR,ES021C,2020,223443
ESTAT:TOUR_CE_OARC(1.0),17/07/24 11:00:00,A,NGT_SP,DOM,NR,ES021C,2021,332039
ESTAT:TOUR_CE_OARC(1.0),17/07/24 11:00:00,A,NGT_SP,DOM,NR,ES021C,2022,388864
ESTAT:TOUR_CE_OARC(1.0),17/07/24 11:00:00,A,NGT_SP,DOM,NR,ES021C,2023,454083
ESTAT:TOUR_CE_OARC(1.0),17/07/24 11:00:00,A,NGT_SP,DOM,NR,ES024C,2018,158331
ESTAT:TOUR_CE_OARC(1.0),17/07/24 11:00:00,A,NGT_SP,DOM,NR,ES024C,2019,188368
ESTAT:TOUR_CE_OARC(1.0),17/07/24 11:00:00,A,NGT_SP,DOM,NR,ES024C,2020,135076
ESTAT:TOUR_CE_OARC(1.0),17/07/24 11:00:00,A,NGT_SP,DOM,NR,ES024C,2021,162905
ESTAT:TOUR_CE_OARC(1.0),17/07/24 11:00:00,A,NGT_SP,DOM,NR,ES024C,2022,228830
ESTAT:TOUR_CE_OARC(1.0),17/07/24 11:00:00,A,NGT_SP,DOM,NR,ES024C,2023,275868
ESTAT:TOUR_CE_OARC(1.0),17/07/24 11:00:00,A,NGT_SP,DOM,NR,ES032C,2018,252384
ESTAT:TOUR_CE_OARC(1.0),17/07/24 11:00:00,A,NGT_SP,DOM,NR,ES032C,2019,289821
ESTAT:TOUR_CE_OARC(1.0),17/07/24 11:00:00,A,NGT_SP,DOM,NR,ES032C,2020,198807
ESTAT:TOUR_CE_OARC(1.0),17/07/24 11:00:00,A,NGT_SP,DOM,NR,ES032C,2021,347469
ESTAT:TOUR_CE_OARC(1.0),17/07/24 11:00:00,A,NGT_SP,DOM,NR,ES032C,2022,362205
ESTAT:TOUR_CE_OARC(1.0),17/07/24 11:00:00,A,NGT_SP,DOM,NR,ES032C,2023,448541
ESTAT:TOUR_CE_OARC(1.0),17/07/24 11:00:00,A,NGT_SP,DOM,NR,ES033C,2018,195454
ESTAT:TOUR_CE_OARC(1.0),17/07/24 11:00:00,A,NGT_SP,DOM,NR,ES033C,2019,212817
ESTAT:TOUR_CE_OARC(1.0),17/07/24 11:00:00,A,NGT_SP,DOM,NR,ES033C,2020,126697
ESTAT:TOUR_CE_OARC(1.0),17/07/24 11:00:00,A,NGT_SP,DOM,NR,ES033C,2021,182940
ESTAT:TOUR_CE_OARC(1.0),17/07/24 11:00:00,A,NGT_SP,DOM,NR,ES033C,2022,251270
ESTAT:TOUR_CE_OARC(1.0),17/07/24 11:00:00,A,NGT_SP,DOM,NR,ES033C,2023,312526
ESTAT:TOUR_CE_OARC(1.0),17/07/24 11:00:00,A,NGT_SP,DOM,NR,ES044C,2018,436369
ESTAT:TOUR_CE_OARC(1.0),17/07/24 11:00:00,A,NGT_SP,DOM,NR,ES044C,2019,497225
ESTAT:TOUR_CE_OARC(1.0),17/07/24 11:00:00,A,NGT_SP,DOM,NR,ES044C,2020,255779
ESTAT:TOUR_CE_OARC(1.0),17/07/24 11:00:00,A,NGT_SP,DOM,NR,ES044C,2021,568851
ESTAT:TOUR_CE_OARC(1.0),17/07/24 11:00:00,A,NGT_SP,DOM,NR,ES044C,2022,703752
ESTAT:TOUR_CE_OARC(1.0),17/07/24 11:00:00,A,NGT_SP,DOM,NR,ES044C,2023,765990
ESTAT:TOUR_CE_OARC(1.0),17/07/24 11:00:00,A,NGT_SP,DOM,NR,ES048C,2018,131852
ESTAT:TOUR_CE_OARC(1.0),17/07/24 11:00:00,A,NGT_SP,DOM,NR,ES048C,2019,175562
ESTAT:TOUR_CE_OARC(1.0),17/07/24 11:00:00,A,NGT_SP,DOM,NR,ES048C,2020,104936
ESTAT:TOUR_CE_OARC(1.0),17/07/24 11:00:00,A,NGT_SP,DOM,NR,ES048C,2021,218825
ESTAT:TOUR_CE_OARC(1.0),17/07/24 11:00:00,A,NGT_SP,DOM,NR,ES048C,2022,254399
ESTAT:TOUR_CE_OARC(1.0),17/07/24 11:00:00,A,NGT_SP,DOM,NR,ES048C,2023,282868
ESTAT:TOUR_CE_OARC(1.0),17/07/24 11:00:00,A,NGT_SP,DOM,NR,ES052C,2018,190614
ESTAT:TOUR_CE_OARC(1.0),17/07/24 11:00:00,A,NGT_SP,DOM,NR,ES052C,2019,247262
ESTAT:TOUR_CE_OARC(1.0),17/07/24 11:00:00,A,NGT_SP,DOM,NR,ES052C,2020,154566
ESTAT:TOUR_CE_OARC(1.0),17/07/24 11:00:00,A,NGT_SP,DOM,NR,ES052C,2021,270364
ESTAT:TOUR_CE_OARC(1.0),17/07/24 11:00:00,A,NGT_SP,DOM,NR,ES052C,2022,310000
ESTAT:TOUR_CE_OARC(1.0),17/07/24 11:00:00,A,NGT_SP,DOM,NR,ES052C,2023,338322
ESTAT:TOUR_CE_OARC(1.0),17/07/24 11:00:00,A,NGT_SP,DOM,NR,ES060C,2018,43511
ESTAT:TOUR_CE_OARC(1.0),17/07/24 11:00:00,A,NGT_SP,DOM,NR,ES060C,2019,57501
ESTAT:TOUR_CE_OARC(1.0),17/07/24 11:00:00,A,NGT_SP,DOM,NR,ES060C,2020,47797
ESTAT:TOUR_CE_OARC(1.0),17/07/24 11:00:00,A,NGT_SP,DOM,NR,ES060C,2021,69198
ESTAT:TOUR_CE_OARC(1.0),17/07/24 11:00:00,A,NGT_SP,DOM,NR,ES060C,2022,75634
ESTAT:TOUR_CE_OARC(1.0),17/07/24 11:00:00,A,NGT_SP,DOM,NR,ES060C,2023,90841
ESTAT:TOUR_CE_OARC(1.0),17/07/24 11:00:00,A,NGT_SP,DOM,NR,ES062C,2018,92731
ESTAT:TOUR_CE_OARC(1.0),17/07/24 11:00:00,A,NGT_SP,DOM,NR,ES062C,2019,130058
ESTAT:TOUR_CE_OARC(1.0),17/07/24 11:00:00,A,NGT_SP,DOM,NR,ES062C,2020,66660
ESTAT:TOUR_CE_OARC(1.0),17/07/24 11:00:00,A,NGT_SP,DOM,NR,ES062C,2021,120072
ESTAT:TOUR_CE_OARC(1.0),17/07/24 11:00:00,A,NGT_SP,DOM,NR,ES062C,2022,222718
ESTAT:TOUR_CE_OARC(1.0),17/07/24 11:00:00,A,NGT_SP,DOM,NR,ES062C,2023,279294
ESTAT:TOUR_CE_OARC(1.0),17/07/24 11:00:00,A,NGT_SP,DOM,NR,ES071C,2018,235214
ESTAT:TOUR_CE_OARC(1.0),17/07/24 11:00:00,A,NGT_SP,DOM,NR,ES071C,2019,321097
ESTAT:TOUR_CE_OARC(1.0),17/07/24 11:00:00,A,NGT_SP,DOM,NR,ES071C,2020,241802
ESTAT:TOUR_CE_OARC(1.0),17/07/24 11:00:00,A,NGT_SP,DOM,NR,ES071C,2021,336233
ESTAT:TOUR_CE_OARC(1.0),17/07/24 11:00:00,A,NGT_SP,DOM,NR,ES071C,2022,439903
ESTAT:TOUR_CE_OARC(1.0),17/07/24 11:00:00,A,NGT_SP,DOM,NR,ES071C,2023,503177
ESTAT:TOUR_CE_OARC(1.0),17/07/24 11:00:00,A,NGT_SP,DOM,NR,ES080C,2018,222176
ESTAT:TOUR_CE_OARC(1.0),17/07/24 11:00:00,A,NGT_SP,DOM,NR,ES080C,2019,259199
ESTAT:TOUR_CE_OARC(1.0),17/07/24 11:00:00,A,NGT_SP,DOM,NR,ES080C,2020,237583
ESTAT:TOUR_CE_OARC(1.0),17/07/24 11:00:00,A,NGT_SP,DOM,NR,ES080C,2021,353511
ESTAT:TOUR_CE_OARC(1.0),17/07/24 11:00:00,A,NGT_SP,DOM,NR,ES080C,2022,368442
ESTAT:TOUR_CE_OARC(1.0),17/07/24 11:00:00,A,NGT_SP,DOM,NR,ES080C,2023,389174
ESTAT:TOUR_CE_OARC(1.0),17/07/24 11:00:00,A,NGT_SP,DOM,NR,ES085C,2018,236159
ESTAT:TOUR_CE_OARC(1.0),17/07/24 11:00:00,A,NGT_SP,DOM,NR,ES085C,2019,312641
ESTAT:TOUR_CE_OARC(1.0),17/07/24 11:00:00,A,NGT_SP,DOM,NR,ES085C,2020,201159
ESTAT:TOUR_CE_OARC(1.0),17/07/24 11:00:00,A,NGT_SP,DOM,NR,ES085C,2021,353505
ESTAT:TOUR_CE_OARC(1.0),17/07/24 11:00:00,A,NGT_SP,DOM,NR,ES085C,2022,376917
ESTAT:TOUR_CE_OARC(1.0),17/07/24 11:00:00,A,NGT_SP,DOM,NR,ES085C,2023,407787
ESTAT:TOUR_CE_OARC(1.0),17/07/24 11:00:00,A,NGT_SP,DOM,NR,ES086C,2018,166424
ESTAT:TOUR_CE_OARC(1.0),17/07/24 11:00:00,A,NGT_SP,DOM,NR,ES086C,2019,197697
ESTAT:TOUR_CE_OARC(1.0),17/07/24 11:00:00,A,NGT_SP,DOM,NR,ES086C,2020,165272
ESTAT:TOUR_CE_OARC(1.0),17/07/24 11:00:00,A,NGT_SP,DOM,NR,ES086C,2021,211403
ESTAT:TOUR_CE_OARC(1.0),17/07/24 11:00:00,A,NGT_SP,DOM,NR,ES086C,2022,244737
ESTAT:TOUR_CE_OARC(1.0),17/07/24 11:00:00,A,NGT_SP,DOM,NR,ES086C,2023,319233
ESTAT:TOUR_CE_OARC(1.0),17/07/24 11:00:00,A,NGT_SP,DOM,NR,ES089C,2018,69050
ESTAT:TOUR_CE_OARC(1.0),17/07/24 11:00:00,A,NGT_SP,DOM,NR,ES089C,2019,61876
ESTAT:TOUR_CE_OARC(1.0),17/07/24 11:00:00,A,NGT_SP,DOM,NR,ES089C,2020,47539
ESTAT:TOUR_CE_OARC(1.0),17/07/24 11:00:00,A,NGT_SP,DOM,NR,ES089C,2021,56037
ESTAT:TOUR_CE_OARC(1.0),17/07/24 11:00:00,A,NGT_SP,DOM,NR,ES089C,2022,61138
ESTAT:TOUR_CE_OARC(1.0),17/07/24 11:00:00,A,NGT_SP,DOM,NR,ES089C,2023,48123
ESTAT:TOUR_CE_OARC(1.0),17/07/24 11:00:00,A,NGT_SP,DOM,NR,ES096C,2018,128875
ESTAT:TOUR_CE_OARC(1.0),17/07/24 11:00:00,A,NGT_SP,DOM,NR,ES096C,2019,138220
ESTAT:TOUR_CE_OARC(1.0),17/07/24 11:00:00,A,NGT_SP,DOM,NR,ES096C,2020,95400
ESTAT:TOUR_CE_OARC(1.0),17/07/24 11:00:00,A,NGT_SP,DOM,NR,ES096C,2021,139924
ESTAT:TOUR_CE_OARC(1.0),17/07/24 11:00:00,A,NGT_SP,DOM,NR,ES096C,2022,165389
ESTAT:TOUR_CE_OARC(1.0),17/07/24 11:00:00,A,NGT_SP,DOM,NR,ES096C,2023,186855
ESTAT:TOUR_CE_OARC(1.0),17/07/24 11:00:00,A,NGT_SP,FOR,NR,ES001C,2018,5075226
ESTAT:TOUR_CE_OARC(1.0),17/07/24 11:00:00,A,NGT_SP,FOR,NR,ES001C,2019,5872991
ESTAT:TOUR_CE_OARC(1.0),17/07/24 11:00:00,A,NGT_SP,FOR,NR,ES001C,2020,1445646
ESTAT:TOUR_CE_OARC(1.0),17/07/24 11:00:00,A,NGT_SP,FOR,NR,ES001C,2021,2126955
ESTAT:TOUR_CE_OARC(1.0),17/07/24 11:00:00,A,NGT_SP,FOR,NR,ES001C,2022,5071567
ESTAT:TOUR_CE_OARC(1.0),17/07/24 11:00:00,A,NGT_SP,FOR,NR,ES001C,2023,6767582
ESTAT:TOUR_CE_OARC(1.0),17/07/24 11:00:00,A,NGT_SP,FOR,NR,ES002C,2018,9723103
ESTAT:TOUR_CE_OARC(1.0),17/07/24 11:00:00,A,NGT_SP,FOR,NR,ES002C,2019,10297528
ESTAT:TOUR_CE_OARC(1.0),17/07/24 11:00:00,A,NGT_SP,FOR,NR,ES002C,2020,2180115
ESTAT:TOUR_CE_OARC(1.0),17/07/24 11:00:00,A,NGT_SP,FOR,NR,ES002C,2021,3202899
ESTAT:TOUR_CE_OARC(1.0),17/07/24 11:00:00,A,NGT_SP,FOR,NR,ES002C,2022,8085777
ESTAT:TOUR_CE_OARC(1.0),17/07/24 11:00:00,A,NGT_SP,FOR,NR,ES002C,2023,9996716
ESTAT:TOUR_CE_OARC(1.0),17/07/24 11:00:00,A,NGT_SP,FOR,NR,ES003C,2018,2750674
ESTAT:TOUR_CE_OARC(1.0),17/07/24 11:00:00,A,NGT_SP,FOR,NR,ES003C,2019,3142396
ESTAT:TOUR_CE_OARC(1.0),17/07/24 11:00:00,A,NGT_SP,FOR,NR,ES003C,2020,764332
ESTAT:TOUR_CE_OARC(1.0),17/07/24 11:00:00,A,NGT_SP,FOR,NR,ES003C,2021,1308464
ESTAT:TOUR_CE_OARC(1.0),17/07/24 11:00:00,A,NGT_SP,FOR,NR,ES003C,2022,2926537
ESTAT:TOUR_CE_OARC(1.0),17/07/24 11:00:00,A,NGT_SP,FOR,NR,ES003C,2023,3838741
ESTAT:TOUR_CE_OARC(1.0),17/07/24 11:00:00,A,NGT_SP,FOR,NR,ES004C,2018,2256278
ESTAT:TOUR_CE_OARC(1.0),17/07/24 11:00:00,A,NGT_SP,FOR,NR,ES004C,2019,2894455
ESTAT:TOUR_CE_OARC(1.0),17/07/24 11:00:00,A,NGT_SP,FOR,NR,ES004C,2020,680338
ESTAT:TOUR_CE_OARC(1.0),17/07/24 11:00:00,A,NGT_SP,FOR,NR,ES004C,2021,896068
ESTAT:TOUR_CE_OARC(1.0),17/07/24 11:00:00,A,NGT_SP,FOR,NR,ES004C,2022,2613946
ESTAT:TOUR_CE_OARC(1.0),17/07/24 11:00:00,A,NGT_SP,FOR,NR,ES004C,2023,3502671
ESTAT:TOUR_CE_OARC(1.0),17/07/24 11:00:00,A,NGT_SP,FOR,NR,ES006C,2018,2046600
ESTAT:TOUR_CE_OARC(1.0),17/07/24 11:00:00,A,NGT_SP,FOR,NR,ES006C,2019,2489081
ESTAT:TOUR_CE_OARC(1.0),17/07/24 11:00:00,A,NGT_SP,FOR,NR,ES006C,2020,672133
ESTAT:TOUR_CE_OARC(1.0),17/07/24 11:00:00,A,NGT_SP,FOR,NR,ES006C,2021,1169049
ESTAT:TOUR_CE_OARC(1.0),17/07/24 11:00:00,A,NGT_SP,FOR,NR,ES006C,2022,2830406
ESTAT:TOUR_CE_OARC(1.0),17/07/24 11:00:00,A,NGT_SP,FOR,NR,ES006C,2023,3972528
ESTAT:TOUR_CE_OARC(1.0),17/07/24 11:00:00,A,NGT_SP,FOR,NR,ES008C,2018,522913
ESTAT:TOUR_CE_OARC(1.0),17/07/24 11:00:00,A,NGT_SP,FOR,NR,ES008C,2019,503788
ESTAT:TOUR_CE_OARC(1.0),17/07/24 11:00:00,A,NGT_SP,FOR,NR,ES008C,2020,234194
ESTAT:TOUR_CE_OARC(1.0),17/07/24 11:00:00,A,NGT_SP,FOR,NR,ES008C,2021,315194
ESTAT:TOUR_CE_OARC(1.0),17/07/24 11:00:00,A,NGT_SP,FOR,NR,ES008C,2022,594517
ESTAT:TOUR_CE_OARC(1.0),17/07/24 11:00:00,A,NGT_SP,FOR,NR,ES008C,2023,748371
ESTAT:TOUR_CE_OARC(1.0),17/07/24 11:00:00,A,NGT_SP,FOR,NR,ES010C,2018,785893
ESTAT:TOUR_CE_OARC(1.0),17/07/24 11:00:00,A,NGT_SP,FOR,NR,ES010C,2019,803446
ESTAT:TOUR_CE_OARC(1.0),17/07/24 11:00:00,A,NGT_SP,FOR,NR,ES010C,2020,206296
ESTAT:TOUR_CE_OARC(1.0),17/07/24 11:00:00,A,NGT_SP,FOR,NR,ES010C,2021,466408
ESTAT:TOUR_CE_OARC(1.0),17/07/24 11:00:00,A,NGT_SP,FOR,NR,ES010C,2022,805712
ESTAT:TOUR_CE_OARC(1.0),17/07/24 11:00:00,A,NGT_SP,FOR,NR,ES010C,2023,774068
ESTAT:TOUR_CE_OARC(1.0),17/07/24 11:00:00,A,NGT_SP,FOR,NR,ES021C,2018,933365
ESTAT:TOUR_CE_OARC(1.0),17/07/24 11:00:00,A,NGT_SP,FOR,NR,ES021C,2019,1130557
ESTAT:TOUR_CE_OARC(1.0),17/07/24 11:00:00,A,NGT_SP,FOR,NR,ES021C,2020,300768
ESTAT:TOUR_CE_OARC(1.0),17/07/24 11:00:00,A,NGT_SP,FOR,NR,ES021C,2021,516871
ESTAT:TOUR_CE_OARC(1.0),17/07/24 11:00:00,A,NGT_SP,FOR,NR,ES021C,2022,1156940
ESTAT:TOUR_CE_OARC(1.0),17/07/24 11:00:00,A,NGT_SP,FOR,NR,ES021C,2023,1461046
ESTAT:TOUR_CE_OARC(1.0),17/07/24 11:00:00,A,NGT_SP,FOR,NR,ES024C,2018,267711
ESTAT:TOUR_CE_OARC(1.0),17/07/24 11:00:00,A,NGT_SP,FOR,NR,ES024C,2019,294343
ESTAT:TOUR_CE_OARC(1.0),17/07/24 11:00:00,A,NGT_SP,FOR,NR,ES024C,2020,139744
ESTAT:TOUR_CE_OARC(1.0),17/07/24 11:00:00,A,NGT_SP,FOR,NR,ES024C,2021,214064
ESTAT:TOUR_CE_OARC(1.0),17/07/24 11:00:00,A,NGT_SP,FOR,NR,ES024C,2022,369370
ESTAT:TOUR_CE_OARC(1.0),17/07/24 11:00:00,A,NGT_SP,FOR,NR,ES024C,2023,434646
ESTAT:TOUR_CE_OARC(1.0),17/07/24 11:00:00,A,NGT_SP,FOR,NR,ES032C,2018,502415
ESTAT:TOUR_CE_OARC(1.0),17/07/24 11:00:00,A,NGT_SP,FOR,NR,ES032C,2019,559435
ESTAT:TOUR_CE_OARC(1.0),17/07/24 11:00:00,A,NGT_SP,FOR,NR,ES032C,2020,156031
ESTAT:TOUR_CE_OARC(1.0),17/07/24 11:00:00,A,NGT_SP,FOR,NR,ES032C,2021,284614
ESTAT:TOUR_CE_OARC(1.0),17/07/24 11:00:00,A,NGT_SP,FOR,NR,ES032C,2022,674624
ESTAT:TOUR_CE_OARC(1.0),17/07/24 11:00:00,A,NGT_SP,FOR,NR,ES032C,2023,838070
ESTAT:TOUR_CE_OARC(1.0),17/07/24 11:00:00,A,NGT_SP,FOR,NR,ES033C,2018,68404
ESTAT:TOUR_CE_OARC(1.0),17/07/24 11:00:00,A,NGT_SP,FOR,NR,ES033C,2019,74777
ESTAT:TOUR_CE_OARC(1.0),17/07/24 11:00:00,A,NGT_SP,FOR,NR,ES033C,2020,18726
ESTAT:TOUR_CE_OARC(1.0),17/07/24 11:00:00,A,NGT_SP,FOR,NR,ES033C,2021,28585
ESTAT:TOUR_CE_OARC(1.0),17/07/24 11:00:00,A,NGT_SP,FOR,NR,ES033C,2022,54188
ESTAT:TOUR_CE_OARC(1.0),17/07/24 11:00:00,A,NGT_SP,FOR,NR,ES033C,2023,64815
ESTAT:TOUR_CE_OARC(1.0),17/07/24 11:00:00,A,NGT_SP,FOR,NR,ES044C,2018,987716
ESTAT:TOUR_CE_OARC(1.0),17/07/24 11:00:00,A,NGT_SP,FOR,NR,ES044C,2019,1015964
ESTAT:TOUR_CE_OARC(1.0),17/07/24 11:00:00,A,NGT_SP,FOR,NR,ES044C,2020,237815
ESTAT:TOUR_CE_OARC(1.0),17/07/24 11:00:00,A,NGT_SP,FOR,NR,ES044C,2021,344076
ESTAT:TOUR_CE_OARC(1.0),17/07/24 11:00:00,A,NGT_SP,FOR,NR,ES044C,2022,1039885
ESTAT:TOUR_CE_OARC(1.0),17/07/24 11:00:00,A,NGT_SP,FOR,NR,ES044C,2023,1317919
ESTAT:TOUR_CE_OARC(1.0),17/07/24 11:00:00,A,NGT_SP,FOR,NR,ES048C,2018,439109
ESTAT:TOUR_CE_OARC(1.0),17/07/24 11:00:00,A,NGT_SP,FOR,NR,ES048C,2019,529068
ESTAT:TOUR_CE_OARC(1.0),17/07/24 11:00:00,A,NGT_SP,FOR,NR,ES048C,2020,138781
ESTAT:TOUR_CE_OARC(1.0),17/07/24 11:00:00,A,NGT_SP,FOR,NR,ES048C,2021,224293
ESTAT:TOUR_CE_OARC(1.0),17/07/24 11:00:00,A,NGT_SP,FOR,NR,ES048C,2022,614642
ESTAT:TOUR_CE_OARC(1.0),17/07/24 11:00:00,A,NGT_SP,FOR,NR,ES048C,2023,864893
ESTAT:TOUR_CE_OARC(1.0),17/07/24 11:00:00,A,NGT_SP,FOR,NR,ES052C,2018,491448
ESTAT:TOUR_CE_OARC(1.0),17/07/24 11:00:00,A,NGT_SP,FOR,NR,ES052C,2019,595755
ESTAT:TOUR_CE_OARC(1.0),17/07/24 11:00:00,A,NGT_SP,FOR,NR,ES052C,2020,164460
ESTAT:TOUR_CE_OARC(1.0),17/07/24 11:00:00,A,NGT_SP,FOR,NR,ES052C,2021,264287
ESTAT:TOUR_CE_OARC(1.0),17/07/24 11:00:00,A,NGT_SP,FOR,NR,ES052C,2022,662423
ESTAT:TOUR_CE_OARC(1.0),17/07/24 11:00:00,A,NGT_SP,FOR,NR,ES052C,2023,862765
ESTAT:TOUR_CE_OARC(1.0),17/07/24 11:00:00,A,NGT_SP,FOR,NR,ES060C,2018,95460
ESTAT:TOUR_CE_OARC(1.0),17/07/24 11:00:00,A,NGT_SP,FOR,NR,ES060C,2019,112713
ESTAT:TOUR_CE_OARC(1.0),17/07/24 11:00:00,A,NGT_SP,FOR,NR,ES060C,2020,30027
ESTAT:TOUR_CE_OARC(1.0),17/07/24 11:00:00,A,NGT_SP,FOR,NR,ES060C,2021,55086
ESTAT:TOUR_CE_OARC(1.0),17/07/24 11:00:00,A,NGT_SP,FOR,NR,ES060C,2022,132150
ESTAT:TOUR_CE_OARC(1.0),17/07/24 11:00:00,A,NGT_SP,FOR,NR,ES060C,2023,161022
ESTAT:TOUR_CE_OARC(1.0),17/07/24 11:00:00,A,NGT_SP,FOR,NR,ES062C,2018,75227
ESTAT:TOUR_CE_OARC(1.0),17/07/24 11:00:00,A,NGT_SP,FOR,NR,ES062C,2019,96782
ESTAT:TOUR_CE_OARC(1.0),17/07/24 11:00:00,A,NGT_SP,FOR,NR,ES062C,2020,29965
ESTAT:TOUR_CE_OARC(1.0),17/07/24 11:00:00,A,NGT_SP,FOR,NR,ES062C,2021,32566
ESTAT:TOUR_CE_OARC(1.0),17/07/24 11:00:00,A,NGT_SP,FOR,NR,ES062C,2022,85843
ESTAT:TOUR_CE_OARC(1.0),17/07/24 11:00:00,A,NGT_SP,FOR,NR,ES062C,2023,100376
ESTAT:TOUR_CE_OARC(1.0),17/07/24 11:00:00,A,NGT_SP,FOR,NR,ES071C,2018,222084
ESTAT:TOUR_CE_OARC(1.0),17/07/24 11:00:00,A,NGT_SP,FOR,NR,ES071C,2019,266168
ESTAT:TOUR_CE_OARC(1.0),17/07/24 11:00:00,A,NGT_SP,FOR,NR,ES071C,2020,59060
ESTAT:TOUR_CE_OARC(1.0),17/07/24 11:00:00,A,NGT_SP,FOR,NR,ES071C,2021,111660
ESTAT:TOUR_CE_OARC(1.0),17/07/24 11:00:00,A,NGT_SP,FOR,NR,ES071C,2022,267058
ESTAT:TOUR_CE_OARC(1.0),17/07/24 11:00:00,A,NGT_SP,FOR,NR,ES071C,2023,322927
ESTAT:TOUR_CE_OARC(1.0),17/07/24 11:00:00,A,NGT_SP,FOR,NR,ES080C,2018,1287546
ESTAT:TOUR_CE_OARC(1.0),17/07/24 11:00:00,A,NGT_SP,FOR,NR,ES080C,2019,1412646
ESTAT:TOUR_CE_OARC(1.0),17/07/24 11:00:00,A,NGT_SP,FOR,NR,ES080C,2020,390679
ESTAT:TOUR_CE_OARC(1.0),17/07/24 11:00:00,A,NGT_SP,FOR,NR,ES080C,2021,880063
ESTAT:TOUR_CE_OARC(1.0),17/07/24 11:00:00,A,NGT_SP,FOR,NR,ES080C,2022,1809332
ESTAT:TOUR_CE_OARC(1.0),17/07/24 11:00:00,A,NGT_SP,FOR,NR,ES080C,2023,2122178
ESTAT:TOUR_CE_OARC(1.0),17/07/24 11:00:00,A,NGT_SP,FOR,NR,ES085C,2018,711721
ESTAT:TOUR_CE_OARC(1.0),17/07/24 11:00:00,A,NGT_SP,FOR,NR,ES085C,2019,869158
ESTAT:TOUR_CE_OARC(1.0),17/07/24 11:00:00,A,NGT_SP,FOR,NR,ES085C,2020,255155
ESTAT:TOUR_CE_OARC(1.0),17/07/24 11:00:00,A,NGT_SP,FOR,NR,ES085C,2021,351399
ESTAT:TOUR_CE_OARC(1.0),17/07/24 11:00:00,A,NGT_SP,FOR,NR,ES085C,2022,911290
ESTAT:TOUR_CE_OARC(1.0),17/07/24 11:00:00,A,NGT_SP,FOR,NR,ES085C,2023,1237193
ESTAT:TOUR_CE_OARC(1.0),17/07/24 11:00:00,A,NGT_SP,FOR,NR,ES086C,2018,61559
ESTAT:TOUR_CE_OARC(1.0),17/07/24 11:00:00,A,NGT_SP,FOR,NR,ES086C,2019,63675
ESTAT:TOUR_CE_OARC(1.0),17/07/24 11:00:00,A,NGT_SP,FOR,NR,ES086C,2020,16894
ESTAT:TOUR_CE_OARC(1.0),17/07/24 11:00:00,A,NGT_SP,FOR,NR,ES086C,2021,25034
ESTAT:TOUR_CE_OARC(1.0),17/07/24 11:00:00,A,NGT_SP,FOR,NR,ES086C,2022,55866
ESTAT:TOUR_CE_OARC(1.0),17/07/24 11:00:00,A,NGT_SP,FOR,NR,ES086C,2023,76743
ESTAT:TOUR_CE_OARC(1.0),17/07/24 11:00:00,A,NGT_SP,FOR,NR,ES089C,2018,413217
ESTAT:TOUR_CE_OARC(1.0),17/07/24 11:00:00,A,NGT_SP,FOR,NR,ES089C,2019,361153
ESTAT:TOUR_CE_OARC(1.0),17/07/24 11:00:00,A,NGT_SP,FOR,NR,ES089C,2020,57937
ESTAT:TOUR_CE_OARC(1.0),17/07/24 11:00:00,A,NGT_SP,FOR,NR,ES089C,2021,165364
ESTAT:TOUR_CE_OARC(1.0),17/07/24 11:00:00,A,NGT_SP,FOR,NR,ES089C,2022,310687
ESTAT:TOUR_CE_OARC(1.0),17/07/24 11:00:00,A,NGT_SP,FOR,NR,ES089C,2023,283791
ESTAT:TOUR_CE_OARC(1.0),17/07/24 11:00:00,A,NGT_SP,FOR,NR,ES096C,2018,296987
ESTAT:TOUR_CE_OARC(1.0),17/07/24 11:00:00,A,NGT_SP,FOR,NR,ES096C,2019,315421
ESTAT:TOUR_CE_OARC(1.0),17/07/24 11:00:00,A,NGT_SP,FOR,NR,ES096C,2020,151169
ESTAT:TOUR_CE_OARC(1.0),17/07/24 11:00:00,A,NGT_SP,FOR,NR,ES096C,2021,243238
ESTAT:TOUR_CE_OARC(1.0),17/07/24 11:00:00,A,NGT_SP,FOR,NR,ES096C,2022,387812
ESTAT:TOUR_CE_OARC(1.0),17/07/24 11:00:00,A,NGT_SP,FOR,NR,ES096C,2023,448024
ESTAT:TOUR_CE_OARC(1.0),17/07/24 11:00:00,A,STY,DOM,NR,ES001C,2018,260631
ESTAT:TOUR_CE_OARC(1.0),17/07/24 11:00:00,A,STY,DOM,NR,ES001C,2019,273099
ESTAT:TOUR_CE_OARC(1.0),17/07/24 11:00:00,A,STY,DOM,NR,ES001C,2020,117782
ESTAT:TOUR_CE_OARC(1.0),17/07/24 11:00:00,A,STY,DOM,NR,ES001C,2021,156480
ESTAT:TOUR_CE_OARC(1.0),17/07/24 11:00:00,A,STY,DOM,NR,ES001C,2022,244397
ESTAT:TOUR_CE_OARC(1.0),17/07/24 11:00:00,A,STY,DOM,NR,ES001C,2023,354064
ESTAT:TOUR_CE_OARC(1.0),17/07/24 11:00:00,A,STY,DOM,NR,ES002C,2018,88009
ESTAT:TOUR_CE_OARC(1.0),17/07/24 11:00:00,A,STY,DOM,NR,ES002C,2019,83192
ESTAT:TOUR_CE_OARC(1.0),17/07/24 11:00:00,A,STY,DOM,NR,ES002C,2020,43728
ESTAT:TOUR_CE_OARC(1.0),17/07/24 11:00:00,A,STY,DOM,NR,ES002C,2021,52348
ESTAT:TOUR_CE_OARC(1.0),17/07/24 11:00:00,A,STY,DOM,NR,ES002C,2022,67213
ESTAT:TOUR_CE_OARC(1.0),17/07/24 11:00:00,A,STY,DOM,NR,ES002C,2023,90330
ESTAT:TOUR_CE_OARC(1.0),17/07/24 11:00:00,A,STY,DOM,NR,ES003C,2018,97989
ESTAT:TOUR_CE_OARC(1.0),17/07/24 11:00:00,A,STY,DOM,NR,ES003C,2019,107954
ESTAT:TOUR_CE_OARC(1.0),17/07/24 11:00:00,A,STY,DOM,NR,ES003C,2020,60826
ESTAT:TOUR_CE_OARC(1.0),17/07/24 11:00:00,A,STY,DOM,NR,ES003C,2021,73669
ESTAT:TOUR_CE_OARC(1.0),17/07/24 11:00:00,A,STY,DOM,NR,ES003C,2022,94016
ESTAT:TOUR_CE_OARC(1.0),17/07/24 11:00:00,A,STY,DOM,NR,ES003C,2023,122638
ESTAT:TOUR_CE_OARC(1.0),17/07/24 11:00:00,A,STY,DOM,NR,ES004C,2018,114887
ESTAT:TOUR_CE_OARC(1.0),17/07/24 11:00:00,A,STY,DOM,NR,ES004C,2019,136043
ESTAT:TOUR_CE_OARC(1.0),17/07/24 11:00:00,A,STY,DOM,NR,ES004C,2020,65640
ESTAT:TOUR_CE_OARC(1.0),17/07/24 11:00:00,A,STY,DOM,NR,ES004C,2021,99876
ESTAT:TOUR_CE_OARC(1.0),17/07/24 11:00:00,A,STY,DOM,NR,ES004C,2022,150377
ESTAT:TOUR_CE_OARC(1.0),17/07/24 11:00:00,A,STY,DOM,NR,ES004C,2023,179433
ESTAT:TOUR_CE_OARC(1.0),17/07/24 11:00:00,A,STY,DOM,NR,ES006C,2018,86260
ESTAT:TOUR_CE_OARC(1.0),17/07/24 11:00:00,A,STY,DOM,NR,ES006C,2019,102280
ESTAT:TOUR_CE_OARC(1.0),17/07/24 11:00:00,A,STY,DOM,NR,ES006C,2020,55825
ESTAT:TOUR_CE_OARC(1.0),17/07/24 11:00:00,A,STY,DOM,NR,ES006C,2021,82699
ESTAT:TOUR_CE_OARC(1.0),17/07/24 11:00:00,A,STY,DOM,NR,ES006C,2022,116625
ESTAT:TOUR_CE_OARC(1.0),17/07/24 11:00:00,A,STY,DOM,NR,ES006C,2023,136516
ESTAT:TOUR_CE_OARC(1.0),17/07/24 11:00:00,A,STY,DOM,NR,ES008C,2018,27617
ESTAT:TOUR_CE_OARC(1.0),17/07/24 11:00:00,A,STY,DOM,NR,ES008C,2019,30072
ESTAT:TOUR_CE_OARC(1.0),17/07/24 11:00:00,A,STY,DOM,NR,ES008C,2020,20340
ESTAT:TOUR_CE_OARC(1.0),17/07/24 11:00:00,A,STY,DOM,NR,ES008C,2021,23853
ESTAT:TOUR_CE_OARC(1.0),17/07/24 11:00:00,A,STY,DOM,NR,ES008C,2022,32075
ESTAT:TOUR_CE_OARC(1.0),17/07/24 11:00:00,A,STY,DOM,NR,ES008C,2023,38697
ESTAT:TOUR_CE_OARC(1.0),17/07/24 11:00:00,A,STY,DOM,NR,ES010C,2018,9568
ESTAT:TOUR_CE_OARC(1.0),17/07/24 11:00:00,A,STY,DOM,NR,ES010C,2019,9421
ESTAT:TOUR_CE_OARC(1.0),17/07/24 11:00:00,A,STY,DOM,NR,ES010C,2020,7137
ESTAT:TOUR_CE_OARC(1.0),17/07/24 11:00:00,A,STY,DOM,NR,ES010C,2021,9127
ESTAT:TOUR_CE_OARC(1.0),17/07/24 11:00:00,A,STY,DOM,NR,ES010C,2022,11622
ESTAT:TOUR_CE_OARC(1.0),17/07/24 11:00:00,A,STY,DOM,NR,ES010C,2023,10453
ESTAT:TOUR_CE_OARC(1.0),17/07/24 11:00:00,A,STY,DOM,NR,ES021C,2018,29662
ESTAT:TOUR_CE_OARC(1.0),17/07/24 11:00:00,A,STY,DOM,NR,ES021C,2019,32091
ESTAT:TOUR_CE_OARC(1.0),17/07/24 11:00:00,A,STY,DOM,NR,ES021C,2020,21398
ESTAT:TOUR_CE_OARC(1.0),17/07/24 11:00:00,A,STY,DOM,NR,ES021C,2021,30889
ESTAT:TOUR_CE_OARC(1.0),17/07/24 11:00:00,A,STY,DOM,NR,ES021C,2022,38579
ESTAT:TOUR_CE_OARC(1.0),17/07/24 11:00:00,A,STY,DOM,NR,ES021C,2023,48613
ESTAT:TOUR_CE_OARC(1.0),17/07/24 11:00:00,A,STY,DOM,NR,ES024C,2018,16608
ESTAT:TOUR_CE_OARC(1.0),17/07/24 11:00:00,A,STY,DOM,NR,ES024C,2019,19229
ESTAT:TOUR_CE_OARC(1.0),17/07/24 11:00:00,A,STY,DOM,NR,ES024C,2020,14069
ESTAT:TOUR_CE_OARC(1.0),17/07/24 11:00:00,A,STY,DOM,NR,ES024C,2021,16977
ESTAT:TOUR_CE_OARC(1.0),17/07/24 11:00:00,A,STY,DOM,NR,ES024C,2022,23138
ESTAT:TOUR_CE_OARC(1.0),17/07/24 11:00:00,A,STY,DOM,NR,ES024C,2023,28446
ESTAT:TOUR_CE_OARC(1.0),17/07/24 11:00:00,A,STY,DOM,NR,ES032C,2018,14599
ESTAT:TOUR_CE_OARC(1.0),17/07/24 11:00:00,A,STY,DOM,NR,ES032C,2019,16606
ESTAT:TOUR_CE_OARC(1.0),17/07/24 11:00:00,A,STY,DOM,NR,ES032C,2020,12180
ESTAT:TOUR_CE_OARC(1.0),17/07/24 11:00:00,A,STY,DOM,NR,ES032C,2021,21399
ESTAT:TOUR_CE_OARC(1.0),17/07/24 11:00:00,A,STY,DOM,NR,ES032C,2022,22475
ESTAT:TOUR_CE_OARC(1.0),17/07/24 11:00:00,A,STY,DOM,NR,ES032C,2023,29225
ESTAT:TOUR_CE_OARC(1.0),17/07/24 11:00:00,A,STY,DOM,NR,ES033C,2018,14865
ESTAT:TOUR_CE_OARC(1.0),17/07/24 11:00:00,A,STY,DOM,NR,ES033C,2019,16429
ESTAT:TOUR_CE_OARC(1.0),17/07/24 11:00:00,A,STY,DOM,NR,ES033C,2020,10723
ESTAT:TOUR_CE_OARC(1.0),17/07/24 11:00:00,A,STY,DOM,NR,ES033C,2021,14812
ESTAT:TOUR_CE_OARC(1.0),17/07/24 11:00:00,A,STY,DOM,NR,ES033C,2022,20242
ESTAT:TOUR_CE_OARC(1.0),17/07/24 11:00:00,A,STY,DOM,NR,ES033C,2023,24766
ESTAT:TOUR_CE_OARC(1.0),17/07/24 11:00:00,A,STY,DOM,NR,ES044C,2018,30371
ESTAT:TOUR_CE_OARC(1.0),17/07/24 11:00:00,A,STY,DOM,NR,ES044C,2019,35340
ESTAT:TOUR_CE_OARC(1.0),17/07/24 11:00:00,A,STY,DOM,NR,ES044C,2020,22262
ESTAT:TOUR_CE_OARC(1.0),17/07/24 11:00:00,A,STY,DOM,NR,ES044C,2021,42420
ESTAT:TOUR_CE_OARC(1.0),17/07/24 11:00:00,A,STY,DOM,NR,ES044C,2022,51870
ESTAT:TOUR_CE_OARC(1.0),17/07/24 11:00:00,A,STY,DOM,NR,ES044C,2023,59301
ESTAT:TOUR_CE_OARC(1.0),17/07/24 11:00:00,A,STY,DOM,NR,ES048C,2018,10829
ESTAT:TOUR_CE_OARC(1.0),17/07/24 11:00:00,A,STY,DOM,NR,ES048C,2019,14547
ESTAT:TOUR_CE_OARC(1.0),17/07/24 11:00:00,A,STY,DOM,NR,ES048C,2020,7766
ESTAT:TOUR_CE_OARC(1.0),17/07/24 11:00:00,A,STY,DOM,NR,ES048C,2021,15193
ESTAT:TOUR_CE_OARC(1.0),17/07/24 11:00:00,A,STY,DOM,NR,ES048C,2022,18181
ESTAT:TOUR_CE_OARC(1.0),17/07/24 11:00:00,A,STY,DOM,NR,ES048C,2023,21281
ESTAT:TOUR_CE_OARC(1.0),17/07/24 11:00:00,A,STY,DOM,NR,ES052C,2018,18232
ESTAT:TOUR_CE_OARC(1.0),17/07/24 11:00:00,A,STY,DOM,NR,ES052C,2019,24292
ESTAT:TOUR_CE_OARC(1.0),17/07/24 11:00:00,A,STY,DOM,NR,ES052C,2020,14955
ESTAT:TOUR_CE_OARC(1.0),17/07/24 11:00:00,A,STY,DOM,NR,ES052C,2021,24804
ESTAT:TOUR_CE_OARC(1.0),17/07/24 11:00:00,A,STY,DOM,NR,ES052C,2022,28574
ESTAT:TOUR_CE_OARC(1.0),17/07/24 11:00:00,A,STY,DOM,NR,ES052C,2023,32111
ESTAT:TOUR_CE_OARC(1.0),17/07/24 11:00:00,A,STY,DOM,NR,ES060C,2018,2730
ESTAT:TOUR_CE_OARC(1.0),17/07/24 11:00:00,A,STY,DOM,NR,ES060C,2019,3645
ESTAT:TOUR_CE_OARC(1.0),17/07/24 11:00:00,A,STY,DOM,NR,ES060C,2020,2840
ESTAT:TOUR_CE_OARC(1.0),17/07/24 11:00:00,A,STY,DOM,NR,ES060C,2021,4047
ESTAT:TOUR_CE_OARC(1.0),17/07/24 11:00:00,A,STY,DOM,NR,ES060C,2022,5175
ESTAT:TOUR_CE_OARC(1.0),17/07/24 11:00:00,A,STY,DOM,NR,ES060C,2023,6580
ESTAT:TOUR_CE_OARC(1.0),17/07/24 11:00:00,A,STY,DOM,NR,ES062C,2018,10899
ESTAT:TOUR_CE_OARC(1.0),17/07/24 11:00:00,A,STY,DOM,NR,ES062C,2019,14476
ESTAT:TOUR_CE_OARC(1.0),17/07/24 11:00:00,A,STY,DOM,NR,ES062C,2020,7734
ESTAT:TOUR_CE_OARC(1.0),17/07/24 11:00:00,A,STY,DOM,NR,ES062C,2021,12716
ESTAT:TOUR_CE_OARC(1.0),17/07/24 11:00:00,A,STY,DOM,NR,ES062C,2022,21946
ESTAT:TOUR_CE_OARC(1.0),17/07/24 11:00:00,A,STY,DOM,NR,ES062C,2023,28213
ESTAT:TOUR_CE_OARC(1.0),17/07/24 11:00:00,A,STY,DOM,NR,ES071C,2018,28266
ESTAT:TOUR_CE_OARC(1.0),17/07/24 11:00:00,A,STY,DOM,NR,ES071C,2019,36561
ESTAT:TOUR_CE_OARC(1.0),17/07/24 11:00:00,A,STY,DOM,NR,ES071C,2020,27863
ESTAT:TOUR_CE_OARC(1.0),17/07/24 11:00:00,A,STY,DOM,NR,ES071C,2021,35299
ESTAT:TOUR_CE_OARC(1.0),17/07/24 11:00:00,A,STY,DOM,NR,ES071C,2022,46488
ESTAT:TOUR_CE_OARC(1.0),17/07/24 11:00:00,A,STY,DOM,NR,ES071C,2023,50754
ESTAT:TOUR_CE_OARC(1.0),17/07/24 11:00:00,A,STY,DOM,NR,ES080C,2018,14790
ESTAT:TOUR_CE_OARC(1.0),17/07/24 11:00:00,A,STY,DOM,NR,ES080C,2019,17373
ESTAT:TOUR_CE_OARC(1.0),17/07/24 11:00:00,A,STY,DOM,NR,ES080C,2020,15032
ESTAT:TOUR_CE_OARC(1.0),17/07/24 11:00:00,A,STY,DOM,NR,ES080C,2021,21007
ESTAT:TOUR_CE_OARC(1.0),17/07/24 11:00:00,A,STY,DOM,NR,ES080C,2022,23216
ESTAT:TOUR_CE_OARC(1.0),17/07/24 11:00:00,A,STY,DOM,NR,ES080C,2023,25198
ESTAT:TOUR_CE_OARC(1.0),17/07/24 11:00:00,A,STY,DOM,NR,ES085C,2018,18497
ESTAT:TOUR_CE_OARC(1.0),17/07/24 11:00:00,A,STY,DOM,NR,ES085C,2019,25850
ESTAT:TOUR_CE_OARC(1.0),17/07/24 11:00:00,A,STY,DOM,NR,ES085C,2020,15983
ESTAT:TOUR_CE_OARC(1.0),17/07/24 11:00:00,A,STY,DOM,NR,ES085C,2021,25960
ESTAT:TOUR_CE_OARC(1.0),17/07/24 11:00:00,A,STY,DOM,NR,ES085C,2022,29855
ESTAT:TOUR_CE_OARC(1.0),17/07/24 11:00:00,A,STY,DOM,NR,ES085C,2023,33212
ESTAT:TOUR_CE_OARC(1.0),17/07/24 11:00:00,A,STY,DOM,NR,ES086C,2018,7280
ESTAT:TOUR_CE_OARC(1.0),17/07/24 11:00:00,A,STY,DOM,NR,ES086C,2019,9277
ESTAT:TOUR_CE_OARC(1.0),17/07/24 11:00:00,A,STY,DOM,NR,ES086C,2020,7529
ESTAT:TOUR_CE_OARC(1.0),17/07/24 11:00:00,A,STY,DOM,NR,ES086C,2021,9985
ESTAT:TOUR_CE_OARC(1.0),17/07/24 11:00:00,A,STY,DOM,NR,ES086C,2022,11721
ESTAT:TOUR_CE_OARC(1.0),17/07/24 11:00:00,A,STY,DOM,NR,ES086C,2023,16013
ESTAT:TOUR_CE_OARC(1.0),17/07/24 11:00:00,A,STY,DOM,NR,ES089C,2018,7947
ESTAT:TOUR_CE_OARC(1.0),17/07/24 11:00:00,A,STY,DOM,NR,ES089C,2019,7392
ESTAT:TOUR_CE_OARC(1.0),17/07/24 11:00:00,A,STY,DOM,NR,ES089C,2020,4866
ESTAT:TOUR_CE_OARC(1.0),17/07/24 11:00:00,A,STY,DOM,NR,ES089C,2021,6457
ESTAT:TOUR_CE_OARC(1.0),17/07/24 11:00:00,A,STY,DOM,NR,ES089C,2022,7299
ESTAT:TOUR_CE_OARC(1.0),17/07/24 11:00:00,A,STY,DOM,NR,ES089C,2023,6139
ESTAT:TOUR_CE_OARC(1.0),17/07/24 11:00:00,A,STY,DOM,NR,ES096C,2018,13808
ESTAT:TOUR_CE_OARC(1.0),17/07/24 11:00:00,A,STY,DOM,NR,ES096C,2019,14478
ESTAT:TOUR_CE_OARC(1.0),17/07/24 11:00:00,A,STY,DOM,NR,ES096C,2020,10078
ESTAT:TOUR_CE_OARC(1.0),17/07/24 11:00:00,A,STY,DOM,NR,ES096C,2021,13382
ESTAT:TOUR_CE_OARC(1.0),17/07/24 11:00:00,A,STY,DOM,NR,ES096C,2022,17110
ESTAT:TOUR_CE_OARC(1.0),17/07/24 11:00:00,A,STY,DOM,NR,ES096C,2023,18953
ESTAT:TOUR_CE_OARC(1.0),17/07/24 11:00:00,A,STY,FOR,NR,ES001C,2018,498374
ESTAT:TOUR_CE_OARC(1.0),17/07/24 11:00:00,A,STY,FOR,NR,ES001C,2019,579617
ESTAT:TOUR_CE_OARC(1.0),17/07/24 11:00:00,A,STY,FOR,NR,ES001C,2020,120884
ESTAT:TOUR_CE_OARC(1.0),17/07/24 11:00:00,A,STY,FOR,NR,ES001C,2021,169917
ESTAT:TOUR_CE_OARC(1.0),17/07/24 11:00:00,A,STY,FOR,NR,ES001C,2022,445911
ESTAT:TOUR_CE_OARC(1.0),17/07/24 11:00:00,A,STY,FOR,NR,ES001C,2023,616454
ESTAT:TOUR_CE_OARC(1.0),17/07/24 11:00:00,A,STY,FOR,NR,ES002C,2018,779413
ESTAT:TOUR_CE_OARC(1.0),17/07/24 11:00:00,A,STY,FOR,NR,ES002C,2019,823368
ESTAT:TOUR_CE_OARC(1.0),17/07/24 11:00:00,A,STY,FOR,NR,ES002C,2020,149777
ESTAT:TOUR_CE_OARC(1.0),17/07/24 11:00:00,A,STY,FOR,NR,ES002C,2021,195377
ESTAT:TOUR_CE_OARC(1.0),17/07/24 11:00:00,A,STY,FOR,NR,ES002C,2022,526540
ESTAT:TOUR_CE_OARC(1.0),17/07/24 11:00:00,A,STY,FOR,NR,ES002C,2023,680436
ESTAT:TOUR_CE_OARC(1.0),17/07/24 11:00:00,A,STY,FOR,NR,ES003C,2018,212489
ESTAT:TOUR_CE_OARC(1.0),17/07/24 11:00:00,A,STY,FOR,NR,ES003C,2019,249338
ESTAT:TOUR_CE_OARC(1.0),17/07/24 11:00:00,A,STY,FOR,NR,ES003C,2020,55322
ESTAT:TOUR_CE_OARC(1.0),17/07/24 11:00:00,A,STY,FOR,NR,ES003C,2021,94244
ESTAT:TOUR_CE_OARC(1.0),17/07/24 11:00:00,A,STY,FOR,NR,ES003C,2022,213538
ESTAT:TOUR_CE_OARC(1.0),17/07/24 11:00:00,A,STY,FOR,NR,ES003C,2023,286912
ESTAT:TOUR_CE_OARC(1.0),17/07/24 11:00:00,A,STY,FOR,NR,ES004C,2018,248018
ESTAT:TOUR_CE_OARC(1.0),17/07/24 11:00:00,A,STY,FOR,NR,ES004C,2019,311003
ESTAT:TOUR_CE_OARC(1.0),17/07/24 11:00:00,A,STY,FOR,NR,ES004C,2020,65074
ESTAT:TOUR_CE_OARC(1.0),17/07/24 11:00:00,A,STY,FOR,NR,ES004C,2021,91141
ESTAT:TOUR_CE_OARC(1.0),17/07/24 11:00:00,A,STY,FOR,NR,ES004C,2022,245310
ESTAT:TOUR_CE_OARC(1.0),17/07/24 11:00:00,A,STY,FOR,NR,ES004C,2023,332654
ESTAT:TOUR_CE_OARC(1.0),17/07/24 11:00:00,A,STY,FOR,NR,ES006C,2018,181851
ESTAT:TOUR_CE_OARC(1.0),17/07/24 11:00:00,A,STY,FOR,NR,ES006C,2019,227857
ESTAT:TOUR_CE_OARC(1.0),17/07/24 11:00:00,A,STY,FOR,NR,ES006C,2020,56702
ESTAT:TOUR_CE_OARC(1.0),17/07/24 11:00:00,A,STY,FOR,NR,ES006C,2021,97677
ESTAT:TOUR_CE_OARC(1.0),17/07/24 11:00:00,A,STY,FOR,NR,ES006C,2022,230270
ESTAT:TOUR_CE_OARC(1.0),17/07/24 11:00:00,A,STY,FOR,NR,ES006C,2023,329365
ESTAT:TOUR_CE_OARC(1.0),17/07/24 11:00:00,A,STY,FOR,NR,ES008C,2018,32740
ESTAT:TOUR_CE_OARC(1.0),17/07/24 11:00:00,A,STY,FOR,NR,ES008C,2019,30698
ESTAT:TOUR_CE_OARC(1.0),17/07/24 11:00:00,A,STY,FOR,NR,ES008C,2020,14190
ESTAT:TOUR_CE_OARC(1.0),17/07/24 11:00:00,A,STY,FOR,NR,ES008C,2021,19620
ESTAT:TOUR_CE_OARC(1.0),17/07/24 11:00:00,A,STY,FOR,NR,ES008C,2022,34605
ESTAT:TOUR_CE_OARC(1.0),17/07/24 11:00:00,A,STY,FOR,NR,ES008C,2023,41412
ESTAT:TOUR_CE_OARC(1.0),17/07/24 11:00:00,A,STY,FOR,NR,ES010C,2018,58569
ESTAT:TOUR_CE_OARC(1.0),17/07/24 11:00:00,A,STY,FOR,NR,ES010C,2019,60984
ESTAT:TOUR_CE_OARC(1.0),17/07/24 11:00:00,A,STY,FOR,NR,ES010C,2020,14603
ESTAT:TOUR_CE_OARC(1.0),17/07/24 11:00:00,A,STY,FOR,NR,ES010C,2021,34324
ESTAT:TOUR_CE_OARC(1.0),17/07/24 11:00:00,A,STY,FOR,NR,ES010C,2022,60729
ESTAT:TOUR_CE_OARC(1.0),17/07/24 11:00:00,A,STY,FOR,NR,ES010C,2023,59061
ESTAT:TOUR_CE_OARC(1.0),17/07/24 11:00:00,A,STY,FOR,NR,ES021C,2018,57184
ESTAT:TOUR_CE_OARC(1.0),17/07/24 11:00:00,A,STY,FOR,NR,ES021C,2019,71393
ESTAT:TOUR_CE_OARC(1.0),17/07/24 11:00:00,A,STY,FOR,NR,ES021C,2020,19772
ESTAT:TOUR_CE_OARC(1.0),17/07/24 11:00:00,A,STY,FOR,NR,ES021C,2021,34936
ESTAT:TOUR_CE_OARC(1.0),17/07/24 11:00:00,A,STY,FOR,NR,ES021C,2022,74089
ESTAT:TOUR_CE_OARC(1.0),17/07/24 11:00:00,A,STY,FOR,NR,ES021C,2023,97903
ESTAT:TOUR_CE_OARC(1.0),17/07/24 11:00:00,A,STY,FOR,NR,ES024C,2018,20835
ESTAT:TOUR_CE_OARC(1.0),17/07/24 11:00:00,A,STY,FOR,NR,ES024C,2019,22696
ESTAT:TOUR_CE_OARC(1.0),17/07/24 11:00:00,A,STY,FOR,NR,ES024C,2020,10774
ESTAT:TOUR_CE_OARC(1.0),17/07/24 11:00:00,A,STY,FOR,NR,ES024C,2021,18048
ESTAT:TOUR_CE_OARC(1.0),17/07/24 11:00:00,A,STY,FOR,NR,ES024C,2022,27805
ESTAT:TOUR_CE_OARC(1.0),17/07/24 11:00:00,A,STY,FOR,NR,ES024C,2023,32179
ESTAT:TOUR_CE_OARC(1.0),17/07/24 11:00:00,A,STY,FOR,NR,ES032C,2018,16751
ESTAT:TOUR_CE_OARC(1.0),17/07/24 11:00:00,A,STY,FOR,NR,ES032C,2019,19225
ESTAT:TOUR_CE_OARC(1.0),17/07/24 11:00:00,A,STY,FOR,NR,ES032C,2020,5751
ESTAT:TOUR_CE_OARC(1.0),17/07/24 11:00:00,A,STY,FOR,NR,ES032C,2021,11004
ESTAT:TOUR_CE_OARC(1.0),17/07/24 11:00:00,A,STY,FOR,NR,ES032C,2022,24426
ESTAT:TOUR_CE_OARC(1.0),17/07/24 11:00:00,A,STY,FOR,NR,ES032C,2023,31271
ESTAT:TOUR_CE_OARC(1.0),17/07/24 11:00:00,A,STY,FOR,NR,ES033C,2018,4305
ESTAT:TOUR_CE_OARC(1.0),17/07/24 11:00:00,A,STY,FOR,NR,ES033C,2019,4627
ESTAT:TOUR_CE_OARC(1.0),17/07/24 11:00:00,A,STY,FOR,NR,ES033C,2020,1014
ESTAT:TOUR_CE_OARC(1.0),17/07/24 11:00:00,A,STY,FOR,NR,ES033C,2021,1782
ESTAT:TOUR_CE_OARC(1.0),17/07/24 11:00:00,A,STY,FOR,NR,ES033C,2022,3647
ESTAT:TOUR_CE_OARC(1.0),17/07/24 11:00:00,A,STY,FOR,NR,ES033C,2023,4005
ESTAT:TOUR_CE_OARC(1.0),17/07/24 11:00:00,A,STY,FOR,NR,ES044C,2018,50134
ESTAT:TOUR_CE_OARC(1.0),17/07/24 11:00:00,A,STY,FOR,NR,ES044C,2019,53051
ESTAT:TOUR_CE_OARC(1.0),17/07/24 11:00:00,A,STY,FOR,NR,ES044C,2020,11883
ESTAT:TOUR_CE_OARC(1.0),17/07/24 11:00:00,A,STY,FOR,NR,ES044C,2021,16623
ESTAT:TOUR_CE_OARC(1.0),17/07/24 11:00:00,A,STY,FOR,NR,ES044C,2022,51118
ESTAT:TOUR_CE_OARC(1.0),17/07/24 11:00:00,A,STY,FOR,NR,ES044C,2023,66370
ESTAT:TOUR_CE_OARC(1.0),17/07/24 11:00:00,A,STY,FOR,NR,ES048C,2018,19321
ESTAT:TOUR_CE_OARC(1.0),17/07/24 11:00:00,A,STY,FOR,NR,ES048C,2019,23704
ESTAT:TOUR_CE_OARC(1.0),17/07/24 11:00:00,A,STY,FOR,NR,ES048C,2020,5563
ESTAT:TOUR_CE_OARC(1.0),17/07/24 11:00:00,A,STY,FOR,NR,ES048C,2021,9758
ESTAT:TOUR_CE_OARC(1.0),17/07/24 11:00:00,A,STY,FOR,NR,ES048C,2022,24408
ESTAT:TOUR_CE_OARC(1.0),17/07/24 11:00:00,A,STY,FOR,NR,ES048C,2023,34140
ESTAT:TOUR_CE_OARC(1.0),17/07/24 11:00:00,A,STY,FOR,NR,ES052C,2018,26636
ESTAT:TOUR_CE_OARC(1.0),17/07/24 11:00:00,A,STY,FOR,NR,ES052C,2019,34476
ESTAT:TOUR_CE_OARC(1.0),17/07/24 11:00:00,A,STY,FOR,NR,ES052C,2020,8911
ESTAT:TOUR_CE_OARC(1.0),17/07/24 11:00:00,A,STY,FOR,NR,ES052C,2021,15578
ESTAT:TOUR_CE_OARC(1.0),17/07/24 11:00:00,A,STY,FOR,NR,ES052C,2022,35797
ESTAT:TOUR_CE_OARC(1.0),17/07/24 11:00:00,A,STY,FOR,NR,ES052C,2023,49111
ESTAT:TOUR_CE_OARC(1.0),17/07/24 11:00:00,A,STY,FOR,NR,ES060C,2018,3227
ESTAT:TOUR_CE_OARC(1.0),17/07/24 11:00:00,A,STY,FOR,NR,ES060C,2019,4214
ESTAT:TOUR_CE_OARC(1.0),17/07/24 11:00:00,A,STY,FOR,NR,ES060C,2020,1238
ESTAT:TOUR_CE_OARC(1.0),17/07/24 11:00:00,A,STY,FOR,NR,ES060C,2021,2293
ESTAT:TOUR_CE_OARC(1.0),17/07/24 11:00:00,A,STY,FOR,NR,ES060C,2022,5207
ESTAT:TOUR_CE_OARC(1.0),17/07/24 11:00:00,A,STY,FOR,NR,ES060C,2023,6813
ESTAT:TOUR_CE_OARC(1.0),17/07/24 11:00:00,A,STY,FOR,NR,ES062C,2018,8381
ESTAT:TOUR_CE_OARC(1.0),17/07/24 11:00:00,A,STY,FOR,NR,ES062C,2019,10176
ESTAT:TOUR_CE_OARC(1.0),17/07/24 11:00:00,A,STY,FOR,NR,ES062C,2020,2377
ESTAT:TOUR_CE_OARC(1.0),17/07/24 11:00:00,A,STY,FOR,NR,ES062C,2021,3373
ESTAT:TOUR_CE_OARC(1.0),17/07/24 11:00:00,A,STY,FOR,NR,ES062C,2022,8268
ESTAT:TOUR_CE_OARC(1.0),17/07/24 11:00:00,A,STY,FOR,NR,ES062C,2023,9928
ESTAT:TOUR_CE_OARC(1.0),17/07/24 11:00:00,A,STY,FOR,NR,ES071C,2018,27954
ESTAT:TOUR_CE_OARC(1.0),17/07/24 11:00:00,A,STY,FOR,NR,ES071C,2019,32863
ESTAT:TOUR_CE_OARC(1.0),17/07/24 11:00:00,A,STY,FOR,NR,ES071C,2020,6885
ESTAT:TOUR_CE_OARC(1.0),17/07/24 11:00:00,A,STY,FOR,NR,ES071C,2021,13970
ESTAT:TOUR_CE_OARC(1.0),17/07/24 11:00:00,A,STY,FOR,NR,ES071C,2022,31075
ESTAT:TOUR_CE_OARC(1.0),17/07/24 11:00:00,A,STY,FOR,NR,ES071C,2023,34089
ESTAT:TOUR_CE_OARC(1.0),17/07/24 11:00:00,A,STY,FOR,NR,ES080C,2018,49942
ESTAT:TOUR_CE_OARC(1.0),17/07/24 11:00:00,A,STY,FOR,NR,ES080C,2019,57072
ESTAT:TOUR_CE_OARC(1.0),17/07/24 11:00:00,A,STY,FOR,NR,ES080C,2020,16035
ESTAT:TOUR_CE_OARC(1.0),17/07/24 11:00:00,A,STY,FOR,NR,ES080C,2021,36868
ESTAT:TOUR_CE_OARC(1.0),17/07/24 11:00:00,A,STY,FOR,NR,ES080C,2022,71163
ESTAT:TOUR_CE_OARC(1.0),17/07/24 11:00:00,A,STY,FOR,NR,ES080C,2023,87413
ESTAT:TOUR_CE_OARC(1.0),17/07/24 11:00:00,A,STY,FOR,NR,ES085C,2018,30105
ESTAT:TOUR_CE_OARC(1.0),17/07/24 11:00:00,A,STY,FOR,NR,ES085C,2019,38979
ESTAT:TOUR_CE_OARC(1.0),17/07/24 11:00:00,A,STY,FOR,NR,ES085C,2020,10209
ESTAT:TOUR_CE_OARC(1.0),17/07/24 11:00:00,A,STY,FOR,NR,ES085C,2021,15565
ESTAT:TOUR_CE_OARC(1.0),17/07/24 11:00:00,A,STY,FOR,NR,ES085C,2022,37799
ESTAT:TOUR_CE_OARC(1.0),17/07/24 11:00:00,A,STY,FOR,NR,ES085C,2023,54301
ESTAT:TOUR_CE_OARC(1.0),17/07/24 11:00:00,A,STY,FOR,NR,ES086C,2018,2047
ESTAT:TOUR_CE_OARC(1.0),17/07/24 11:00:00,A,STY,FOR,NR,ES086C,2019,2347
ESTAT:TOUR_CE_OARC(1.0),17/07/24 11:00:00,A,STY,FOR,NR,ES086C,2020,575
ESTAT:TOUR_CE_OARC(1.0),17/07/24 11:00:00,A,STY,FOR,NR,ES086C,2021,1138
ESTAT:TOUR_CE_OARC(1.0),17/07/24 11:00:00,A,STY,FOR,NR,ES086C,2022,2214
ESTAT:TOUR_CE_OARC(1.0),17/07/24 11:00:00,A,STY,FOR,NR,ES086C,2023,2889
ESTAT:TOUR_CE_OARC(1.0),17/07/24 11:00:00,A,STY,FOR,NR,ES089C,2018,34830
ESTAT:TOUR_CE_OARC(1.0),17/07/24 11:00:00,A,STY,FOR,NR,ES089C,2019,31898
ESTAT:TOUR_CE_OARC(1.0),17/07/24 11:00:00,A,STY,FOR,NR,ES089C,2020,4770
ESTAT:TOUR_CE_OARC(1.0),17/07/24 11:00:00,A,STY,FOR,NR,ES089C,2021,15134
ESTAT:TOUR_CE_OARC(1.0),17/07/24 11:00:00,A,STY,FOR,NR,ES089C,2022,28608
ESTAT:TOUR_CE_OARC(1.0),17/07/24 11:00:00,A,STY,FOR,NR,ES089C,2023,27254
ESTAT:TOUR_CE_OARC(1.0),17/07/24 11:00:00,A,STY,FOR,NR,ES096C,2018,16144
ESTAT:TOUR_CE_OARC(1.0),17/07/24 11:00:00,A,STY,FOR,NR,ES096C,2019,17021
ESTAT:TOUR_CE_OARC(1.0),17/07/24 11:00:00,A,STY,FOR,NR,ES096C,2020,7883
ESTAT:TOUR_CE_OARC(1.0),17/07/24 11:00:00,A,STY,FOR,NR,ES096C,2021,14348
ESTAT:TOUR_CE_OARC(1.0),17/07/24 11:00:00,A,STY,FOR,NR,ES096C,2022,21479
ESTAT:TOUR_CE_OARC(1.0),17/07/24 11:00:00,A,STY,FOR,NR,ES096C,2023,24258
