"2016 - Diciembre","Comunitat Valenciana","Francia","Acumulado en lo que va de año",142
"2016 - Diciembre","Comunitat Valenciana","Francia","Dato base",38
"2016 - Diciembre","Comunitat Valenciana","Francia","Tasa de variación acumulada",-
"2016 - Diciembre","Comunitat Valenciana","Francia","Tasa de variación anual",-
"2016 - Diciembre","Comunitat Valenciana","Reino Unido","Acumulado en lo que va de año",498
"2016 - Diciembre","Comunitat Valenciana","Reino Unido","Dato base",181
"2016 - Diciembre","Comunitat Valenciana","Reino Unido","Tasa de variación acumulada",-
"2016 - Diciembre","Comunitat Valenciana","Reino Unido","Tasa de variación anual",-
"2016 - Noviembre","Comunitat Valenciana","Francia","Acumulado en lo que va de año",104
"2016 - Noviembre","Comunitat Valenciana","Francia","Dato base",37
"2016 - Noviembre","Comunitat Valenciana","Francia","Tasa de variación acumulada",-
"2016 - Noviembre","Comunitat Valenciana","Francia","Tasa de variación anual",-
"2016 - Noviembre","Comunitat Valenciana","Reino Unido","Acumulado en lo que va de año",317
"2016 - Noviembre","Comunitat Valenciana","Reino Unido","Dato base",120
"2016 - Noviembre","Comunitat Valenciana","Reino Unido","Tasa de variación acumulada",-
"2016 - Noviembre","Comunitat Valenciana","Reino Unido","Tasa de variación anual",-
"2016 - Octubre","Comunitat Valenciana","Francia","Acumulado en lo que va de año",67
"2016 - Octubre","Comunitat Valenciana","Francia","Dato base",67
"2016 - Octubre","Comunitat Valenciana","Francia","Tasa de variación acumulada",-
"2016 - Octubre","Comunitat Valenciana","Francia","Tasa de variación anual",-
"2016 - Octubre","Comunitat Valenciana","Reino Unido","Acumulado en lo que va de año",197
"2016 - Octubre","Comunitat Valenciana","Reino Unido","Dato base",197
"2016 - Octubre","Comunitat Valenciana","Reino Unido","Tasa de variación acumulada",-
"2016 - Octubre","Comunitat Valenciana","Reino Unido","Tasa de variación anual",-
"2017 - Abril","Comunitat Valenciana","Francia","Acumulado en lo que va de año",155
"2017 - Abril","Comunitat Valenciana","Francia","Dato base",11
"2017 - Abril","Comunitat Valenciana","Francia","Tasa de variación acumulada",-
"2017 - Abril","Comunitat Valenciana","Francia","Tasa de variación anual",-
"2017 - Abril","Comunitat Valenciana","Reino Unido","Acumulado en lo que va de año",438
"2017 - Abril","Comunitat Valenciana","Reino Unido","Dato base",40
"2017 - Abril","Comunitat Valenciana","Reino Unido","Tasa de variación acumulada",-
"2017 - Abril","Comunitat Valenciana","Reino Unido","Tasa de variación anual",-
"2017 - Agosto","Comunitat Valenciana","Francia","Acumulado en lo que va de año",768
"2017 - Agosto","Comunitat Valenciana","Francia","Dato base",281
"2017 - Agosto","Comunitat Valenciana","Francia","Tasa de variación acumulada",-
"2017 - Agosto","Comunitat Valenciana","Francia","Tasa de variación anual",-
"2017 - Agosto","Comunitat Valenciana","Reino Unido","Acumulado en lo que va de año",1585
"2017 - Agosto","Comunitat Valenciana","Reino Unido","Dato base",300
"2017 - Agosto","Comunitat Valenciana","Reino Unido","Tasa de variación acumulada",-
"2017 - Agosto","Comunitat Valenciana","Reino Unido","Tasa de variación anual",-
"2017 - Diciembre","Comunitat Valenciana","Francia","Acumulado en lo que va de año",1026
"2017 - Diciembre","Comunitat Valenciana","Francia","Dato base",44
"2017 - Diciembre","Comunitat Valenciana","Francia","Tasa de variación acumulada",-
"2017 - Diciembre","Comunitat Valenciana","Francia","Tasa de variación anual",17.8
"2017 - Diciembre","Comunitat Valenciana","Reino Unido","Acumulado en lo que va de año",2290
"2017 - Diciembre","Comunitat Valenciana","Reino Unido","Dato base",132
"2017 - Diciembre","Comunitat Valenciana","Reino Unido","Tasa de variación acumulada",-
"2017 - Diciembre","Comunitat Valenciana","Reino Unido","Tasa de variación anual",-27.0
"2017 - Enero","Comunitat Valenciana","Francia","Acumulado en lo que va de año",58
"2017 - Enero","Comunitat Valenciana","Francia","Dato base",58
"2017 - Enero","Comunitat Valenciana","Francia","Tasa de variación acumulada",-
"2017 - Enero","Comunitat Valenciana","Francia","Tasa de variación anual",-
"2017 - Enero","Comunitat Valenciana","Reino Unido","Acumulado en lo que va de año",110
"2017 - Enero","Comunitat Valenciana","Reino Unido","Dato base",110
"2017 - Enero","Comunitat Valenciana","Reino Unido","Tasa de variación acumulada",-
"2017 - Enero","Comunitat Valenciana","Reino Unido","Tasa de variación anual",-
"2017 - Febrero","Comunitat Valenciana","Francia","Acumulado en lo que va de año",98
"2017 - Febrero","Comunitat Valenciana","Francia","Dato base",40
"2017 - Febrero","Comunitat Valenciana","Francia","Tasa de variación acumulada",-
"2017 - Febrero","Comunitat Valenciana","Francia","Tasa de variación anual",-
"2017 - Febrero","Comunitat Valenciana","Reino Unido","Acumulado en lo que va de año",225
"2017 - Febrero","Comunitat Valenciana","Reino Unido","Dato base",114
"2017 - Febrero","Comunitat Valenciana","Reino Unido","Tasa de variación acumulada",-
"2017 - Febrero","Comunitat Valenciana","Reino Unido","Tasa de variación anual",-
"2017 - Julio","Comunitat Valenciana","Francia","Acumulado en lo que va de año",487
"2017 - Julio","Comunitat Valenciana","Francia","Dato base",172
"2017 - Julio","Comunitat Valenciana","Francia","Tasa de variación acumulada",-
"2017 - Julio","Comunitat Valenciana","Francia","Tasa de variación anual",-
"2017 - Julio","Comunitat Valenciana","Reino Unido","Acumulado en lo que va de año",1285
"2017 - Julio","Comunitat Valenciana","Reino Unido","Dato base",332
"2017 - Julio","Comunitat Valenciana","Reino Unido","Tasa de variación acumulada",-
"2017 - Julio","Comunitat Valenciana","Reino Unido","Tasa de variación anual",-
"2017 - Junio","Comunitat Valenciana","Francia","Acumulado en lo que va de año",315
"2017 - Junio","Comunitat Valenciana","Francia","Dato base",77
"2017 - Junio","Comunitat Valenciana","Francia","Tasa de variación acumulada",-
"2017 - Junio","Comunitat Valenciana","Francia","Tasa de variación anual",-
"2017 - Junio","Comunitat Valenciana","Reino Unido","Acumulado en lo que va de año",953
"2017 - Junio","Comunitat Valenciana","Reino Unido","Dato base",237
"2017 - Junio","Comunitat Valenciana","Reino Unido","Tasa de variación acumulada",-
"2017 - Junio","Comunitat Valenciana","Reino Unido","Tasa de variación anual",-
"2017 - Marzo","Comunitat Valenciana","Francia","Acumulado en lo que va de año",144
"2017 - Marzo","Comunitat Valenciana","Francia","Dato base",46
"2017 - Marzo","Comunitat Valenciana","Francia","Tasa de variación acumulada",-
"2017 - Marzo","Comunitat Valenciana","Francia","Tasa de variación anual",-
"2017 - Marzo","Comunitat Valenciana","Reino Unido","Acumulado en lo que va de año",398
"2017 - Marzo","Comunitat Valenciana","Reino Unido","Dato base",174
"2017 - Marzo","Comunitat Valenciana","Reino Unido","Tasa de variación acumulada",-
"2017 - Marzo","Comunitat Valenciana","Reino Unido","Tasa de variación anual",-
"2017 - Mayo","Comunitat Valenciana","Francia","Acumulado en lo que va de año",238
"2017 - Mayo","Comunitat Valenciana","Francia","Dato base",83
"2017 - Mayo","Comunitat Valenciana","Francia","Tasa de variación acumulada",-
"2017 - Mayo","Comunitat Valenciana","Francia","Tasa de variación anual",-
"2017 - Mayo","Comunitat Valenciana","Reino Unido","Acumulado en lo que va de año",716
"2017 - Mayo","Comunitat Valenciana","Reino Unido","Dato base",278
"2017 - Mayo","Comunitat Valenciana","Reino Unido","Tasa de variación acumulada",-
"2017 - Mayo","Comunitat Valenciana","Reino Unido","Tasa de variación anual",-
"2017 - Noviembre","Comunitat Valenciana","Francia","Acumulado en lo que va de año",982
"2017 - Noviembre","Comunitat Valenciana","Francia","Dato base",40
"2017 - Noviembre","Comunitat Valenciana","Francia","Tasa de variación acumulada",-
"2017 - Noviembre","Comunitat Valenciana","Francia","Tasa de variación anual",7.0
"2017 - Noviembre","Comunitat Valenciana","Reino Unido","Acumulado en lo que va de año",2158
"2017 - Noviembre","Comunitat Valenciana","Reino Unido","Dato base",132
"2017 - Noviembre","Comunitat Valenciana","Reino Unido","Tasa de variación acumulada",-
"2017 - Noviembre","Comunitat Valenciana","Reino Unido","Tasa de variación anual",10.7
"2017 - Octubre","Comunitat Valenciana","Francia","Acumulado en lo que va de año",942
"2017 - Octubre","Comunitat Valenciana","Francia","Dato base",84
"2017 - Octubre","Comunitat Valenciana","Francia","Tasa de variación acumulada",-
"2017 - Octubre","Comunitat Valenciana","Francia","Tasa de variación anual",24.3
"2017 - Octubre","Comunitat Valenciana","Reino Unido","Acumulado en lo que va de año",2026
"2017 - Octubre","Comunitat Valenciana","Reino Unido","Dato base",193
"2017 - Octubre","Comunitat Valenciana","Reino Unido","Tasa de variación acumulada",-
"2017 - Octubre","Comunitat Valenciana","Reino Unido","Tasa de variación anual",-2.2
"2017 - Septiembre","Comunitat Valenciana","Francia","Acumulado en lo que va de año",859
"2017 - Septiembre","Comunitat Valenciana","Francia","Dato base",91
"2017 - Septiembre","Comunitat Valenciana","Francia","Tasa de variación acumulada",-
"2017 - Septiembre","Comunitat Valenciana","Francia","Tasa de variación anual",-
"2017 - Septiembre","Comunitat Valenciana","Reino Unido","Acumulado en lo que va de año",1833
"2017 - Septiembre","Comunitat Valenciana","Reino Unido","Dato base",248
"2017 - Septiembre","Comunitat Valenciana","Reino Unido","Tasa de variación acumulada",-
"2017 - Septiembre","Comunitat Valenciana","Reino Unido","Tasa de variación anual",-
"2018 - Abril","Comunitat Valenciana","Francia","Acumulado en lo que va de año",176
"2018 - Abril","Comunitat Valenciana","Francia","Dato base",79
"2018 - Abril","Comunitat Valenciana","Francia","Tasa de variación acumulada",13.8
"2018 - Abril","Comunitat Valenciana","Francia","Tasa de variación anual",601.8
"2018 - Abril","Comunitat Valenciana","Reino Unido","Acumulado en lo que va de año",507
"2018 - Abril","Comunitat Valenciana","Reino Unido","Dato base",198
"2018 - Abril","Comunitat Valenciana","Reino Unido","Tasa de variación acumulada",15.8
"2018 - Abril","Comunitat Valenciana","Reino Unido","Tasa de variación anual",396.7
"2018 - Agosto","Comunitat Valenciana","Francia","Acumulado en lo que va de año",854
"2018 - Agosto","Comunitat Valenciana","Francia","Dato base",322
"2018 - Agosto","Comunitat Valenciana","Francia","Tasa de variación acumulada",11.3
"2018 - Agosto","Comunitat Valenciana","Francia","Tasa de variación anual",14.6
"2018 - Agosto","Comunitat Valenciana","Reino Unido","Acumulado en lo que va de año",1685
"2018 - Agosto","Comunitat Valenciana","Reino Unido","Dato base",316
"2018 - Agosto","Comunitat Valenciana","Reino Unido","Tasa de variación acumulada",6.3
"2018 - Agosto","Comunitat Valenciana","Reino Unido","Tasa de variación anual",5.5
"2018 - Diciembre","Comunitat Valenciana","Francia","Acumulado en lo que va de año",1118
"2018 - Diciembre","Comunitat Valenciana","Francia","Dato base",44
"2018 - Diciembre","Comunitat Valenciana","Francia","Tasa de variación acumulada",9.0
"2018 - Diciembre","Comunitat Valenciana","Francia","Tasa de variación anual",-0.5
"2018 - Diciembre","Comunitat Valenciana","Reino Unido","Acumulado en lo que va de año",2470
"2018 - Diciembre","Comunitat Valenciana","Reino Unido","Dato base",113
"2018 - Diciembre","Comunitat Valenciana","Reino Unido","Tasa de variación acumulada",7.8
"2018 - Diciembre","Comunitat Valenciana","Reino Unido","Tasa de variación anual",-14.4
"2018 - Enero","Comunitat Valenciana","Francia","Acumulado en lo que va de año",14
"2018 - Enero","Comunitat Valenciana","Francia","Dato base",14
"2018 - Enero","Comunitat Valenciana","Francia","Tasa de variación acumulada",-76.6
"2018 - Enero","Comunitat Valenciana","Francia","Tasa de variación anual",-76.6
"2018 - Enero","Comunitat Valenciana","Reino Unido","Acumulado en lo que va de año",31
"2018 - Enero","Comunitat Valenciana","Reino Unido","Dato base",31
"2018 - Enero","Comunitat Valenciana","Reino Unido","Tasa de variación acumulada",-71.8
"2018 - Enero","Comunitat Valenciana","Reino Unido","Tasa de variación anual",-71.8
"2018 - Febrero","Comunitat Valenciana","Francia","Acumulado en lo que va de año",50
"2018 - Febrero","Comunitat Valenciana","Francia","Dato base",37
"2018 - Febrero","Comunitat Valenciana","Francia","Tasa de variación acumulada",-48.6
"2018 - Febrero","Comunitat Valenciana","Francia","Tasa de variación anual",-8.3
"2018 - Febrero","Comunitat Valenciana","Reino Unido","Acumulado en lo que va de año",141
"2018 - Febrero","Comunitat Valenciana","Reino Unido","Dato base",110
"2018 - Febrero","Comunitat Valenciana","Reino Unido","Tasa de variación acumulada",-37.1
"2018 - Febrero","Comunitat Valenciana","Reino Unido","Tasa de variación anual",-3.6
"2018 - Julio","Comunitat Valenciana","Francia","Acumulado en lo que va de año",533
"2018 - Julio","Comunitat Valenciana","Francia","Dato base",174
"2018 - Julio","Comunitat Valenciana","Francia","Tasa de variación acumulada",9.3
"2018 - Julio","Comunitat Valenciana","Francia","Tasa de variación anual",1.2
"2018 - Julio","Comunitat Valenciana","Reino Unido","Acumulado en lo que va de año",1369
"2018 - Julio","Comunitat Valenciana","Reino Unido","Dato base",307
"2018 - Julio","Comunitat Valenciana","Reino Unido","Tasa de variación acumulada",6.5
"2018 - Julio","Comunitat Valenciana","Reino Unido","Tasa de variación anual",-7.7
"2018 - Junio","Comunitat Valenciana","Francia","Acumulado en lo que va de año",358
"2018 - Junio","Comunitat Valenciana","Francia","Dato base",104
"2018 - Junio","Comunitat Valenciana","Francia","Tasa de variación acumulada",13.8
"2018 - Junio","Comunitat Valenciana","Francia","Tasa de variación anual",34.8
"2018 - Junio","Comunitat Valenciana","Reino Unido","Acumulado en lo que va de año",1062
"2018 - Junio","Comunitat Valenciana","Reino Unido","Dato base",286
"2018 - Junio","Comunitat Valenciana","Reino Unido","Tasa de variación acumulada",11.4
"2018 - Junio","Comunitat Valenciana","Reino Unido","Tasa de variación anual",20.8
"2018 - Marzo","Comunitat Valenciana","Francia","Acumulado en lo que va de año",98
"2018 - Marzo","Comunitat Valenciana","Francia","Dato base",48
"2018 - Marzo","Comunitat Valenciana","Francia","Tasa de variación acumulada",-32.0
"2018 - Marzo","Comunitat Valenciana","Francia","Tasa de variación anual",3.0
"2018 - Marzo","Comunitat Valenciana","Reino Unido","Acumulado en lo que va de año",310
"2018 - Marzo","Comunitat Valenciana","Reino Unido","Dato base",168
"2018 - Marzo","Comunitat Valenciana","Reino Unido","Tasa de variación acumulada",-22.3
"2018 - Marzo","Comunitat Valenciana","Reino Unido","Tasa de variación anual",-3.1
"2018 - Mayo","Comunitat Valenciana","Francia","Acumulado en lo que va de año",254
"2018 - Mayo","Comunitat Valenciana","Francia","Dato base",78
"2018 - Mayo","Comunitat Valenciana","Francia","Tasa de variación acumulada",7.0
"2018 - Mayo","Comunitat Valenciana","Francia","Tasa de variación anual",-5.7
"2018 - Mayo","Comunitat Valenciana","Reino Unido","Acumulado en lo que va de año",776
"2018 - Mayo","Comunitat Valenciana","Reino Unido","Dato base",269
"2018 - Mayo","Comunitat Valenciana","Reino Unido","Tasa de variación acumulada",8.3
"2018 - Mayo","Comunitat Valenciana","Reino Unido","Tasa de variación anual",-3.4
"2018 - Noviembre","Comunitat Valenciana","Francia","Acumulado en lo que va de año",1074
"2018 - Noviembre","Comunitat Valenciana","Francia","Dato base",36
"2018 - Noviembre","Comunitat Valenciana","Francia","Tasa de variación acumulada",9.4
"2018 - Noviembre","Comunitat Valenciana","Francia","Tasa de variación anual",-9.9
"2018 - Noviembre","Comunitat Valenciana","Reino Unido","Acumulado en lo que va de año",2357
"2018 - Noviembre","Comunitat Valenciana","Reino Unido","Dato base",146
"2018 - Noviembre","Comunitat Valenciana","Reino Unido","Tasa de variación acumulada",9.2
"2018 - Noviembre","Comunitat Valenciana","Reino Unido","Tasa de variación anual",10.0
"2018 - Octubre","Comunitat Valenciana","Francia","Acumulado en lo que va de año",1039
"2018 - Octubre","Comunitat Valenciana","Francia","Dato base",76
"2018 - Octubre","Comunitat Valenciana","Francia","Tasa de variación acumulada",10.2
"2018 - Octubre","Comunitat Valenciana","Francia","Tasa de variación anual",-9.8
"2018 - Octubre","Comunitat Valenciana","Reino Unido","Acumulado en lo que va de año",2211
"2018 - Octubre","Comunitat Valenciana","Reino Unido","Dato base",226
"2018 - Octubre","Comunitat Valenciana","Reino Unido","Tasa de variación acumulada",9.2
"2018 - Octubre","Comunitat Valenciana","Reino Unido","Tasa de variación anual",16.9
"2018 - Septiembre","Comunitat Valenciana","Francia","Acumulado en lo que va de año",963
"2018 - Septiembre","Comunitat Valenciana","Francia","Dato base",109
"2018 - Septiembre","Comunitat Valenciana","Francia","Tasa de variación acumulada",12.2
"2018 - Septiembre","Comunitat Valenciana","Francia","Tasa de variación anual",19.8
"2018 - Septiembre","Comunitat Valenciana","Reino Unido","Acumulado en lo que va de año",1986
"2018 - Septiembre","Comunitat Valenciana","Reino Unido","Dato base",301
"2018 - Septiembre","Comunitat Valenciana","Reino Unido","Tasa de variación acumulada",8.3
"2018 - Septiembre","Comunitat Valenciana","Reino Unido","Tasa de variación anual",21.4
"2019 - Abril","Comunitat Valenciana","Francia","Acumulado en lo que va de año",232
"2019 - Abril","Comunitat Valenciana","Francia","Dato base",74
"2019 - Abril","Comunitat Valenciana","Francia","Tasa de variación acumulada",31.6
"2019 - Abril","Comunitat Valenciana","Francia","Tasa de variación anual",-5.3
"2019 - Abril","Comunitat Valenciana","Reino Unido","Acumulado en lo que va de año",531
"2019 - Abril","Comunitat Valenciana","Reino Unido","Dato base",206
"2019 - Abril","Comunitat Valenciana","Reino Unido","Tasa de variación acumulada",4.7
"2019 - Abril","Comunitat Valenciana","Reino Unido","Tasa de variación anual",3.9
"2019 - Agosto","Comunitat Valenciana","Francia","Acumulado en lo que va de año",974
"2019 - Agosto","Comunitat Valenciana","Francia","Dato base",343
"2019 - Agosto","Comunitat Valenciana","Francia","Tasa de variación acumulada",14.0
"2019 - Agosto","Comunitat Valenciana","Francia","Tasa de variación anual",6.6
"2019 - Agosto","Comunitat Valenciana","Reino Unido","Acumulado en lo que va de año",1653
"2019 - Agosto","Comunitat Valenciana","Reino Unido","Dato base",316
"2019 - Agosto","Comunitat Valenciana","Reino Unido","Tasa de variación acumulada",-1.9
"2019 - Agosto","Comunitat Valenciana","Reino Unido","Tasa de variación anual",0.1
"2019 - Diciembre","Comunitat Valenciana","Francia","Acumulado en lo que va de año",1314
"2019 - Diciembre","Comunitat Valenciana","Francia","Dato base",67
"2019 - Diciembre","Comunitat Valenciana","Francia","Tasa de variación acumulada",17.5
"2019 - Diciembre","Comunitat Valenciana","Francia","Tasa de variación anual",50.5
"2019 - Diciembre","Comunitat Valenciana","Reino Unido","Acumulado en lo que va de año",2382
"2019 - Diciembre","Comunitat Valenciana","Reino Unido","Dato base",109
"2019 - Diciembre","Comunitat Valenciana","Reino Unido","Tasa de variación acumulada",-3.6
"2019 - Diciembre","Comunitat Valenciana","Reino Unido","Tasa de variación anual",-3.6
"2019 - Enero","Comunitat Valenciana","Francia","Acumulado en lo que va de año",22
"2019 - Enero","Comunitat Valenciana","Francia","Dato base",22
"2019 - Enero","Comunitat Valenciana","Francia","Tasa de variación acumulada",62.2
"2019 - Enero","Comunitat Valenciana","Francia","Tasa de variación anual",62.2
"2019 - Enero","Comunitat Valenciana","Reino Unido","Acumulado en lo que va de año",38
"2019 - Enero","Comunitat Valenciana","Reino Unido","Dato base",38
"2019 - Enero","Comunitat Valenciana","Reino Unido","Tasa de variación acumulada",21.9
"2019 - Enero","Comunitat Valenciana","Reino Unido","Tasa de variación anual",21.9
"2019 - Febrero","Comunitat Valenciana","Francia","Acumulado en lo que va de año",81
"2019 - Febrero","Comunitat Valenciana","Francia","Dato base",59
"2019 - Febrero","Comunitat Valenciana","Francia","Tasa de variación acumulada",61.1
"2019 - Febrero","Comunitat Valenciana","Francia","Tasa de variación anual",60.7
"2019 - Febrero","Comunitat Valenciana","Reino Unido","Acumulado en lo que va de año",159
"2019 - Febrero","Comunitat Valenciana","Reino Unido","Dato base",121
"2019 - Febrero","Comunitat Valenciana","Reino Unido","Tasa de variación acumulada",12.2
"2019 - Febrero","Comunitat Valenciana","Reino Unido","Tasa de variación anual",9.5
"2019 - Julio","Comunitat Valenciana","Francia","Acumulado en lo que va de año",631
"2019 - Julio","Comunitat Valenciana","Francia","Dato base",213
"2019 - Julio","Comunitat Valenciana","Francia","Tasa de variación acumulada",18.4
"2019 - Julio","Comunitat Valenciana","Francia","Tasa de variación anual",21.8
"2019 - Julio","Comunitat Valenciana","Reino Unido","Acumulado en lo que va de año",1337
"2019 - Julio","Comunitat Valenciana","Reino Unido","Dato base",320
"2019 - Julio","Comunitat Valenciana","Reino Unido","Tasa de variación acumulada",-2.3
"2019 - Julio","Comunitat Valenciana","Reino Unido","Tasa de variación anual",4.3
"2019 - Junio","Comunitat Valenciana","Francia","Acumulado en lo que va de año",418
"2019 - Junio","Comunitat Valenciana","Francia","Dato base",112
"2019 - Junio","Comunitat Valenciana","Francia","Tasa de variación acumulada",16.8
"2019 - Junio","Comunitat Valenciana","Francia","Tasa de variación anual",7.9
"2019 - Junio","Comunitat Valenciana","Reino Unido","Acumulado en lo que va de año",1017
"2019 - Junio","Comunitat Valenciana","Reino Unido","Dato base",261
"2019 - Junio","Comunitat Valenciana","Reino Unido","Tasa de variación acumulada",-4.2
"2019 - Junio","Comunitat Valenciana","Reino Unido","Tasa de variación anual",-8.7
"2019 - Marzo","Comunitat Valenciana","Francia","Acumulado en lo que va de año",158
"2019 - Marzo","Comunitat Valenciana","Francia","Dato base",77
"2019 - Marzo","Comunitat Valenciana","Francia","Tasa de variación acumulada",61.2
"2019 - Marzo","Comunitat Valenciana","Francia","Tasa de variación anual",61.4
"2019 - Marzo","Comunitat Valenciana","Reino Unido","Acumulado en lo que va de año",326
"2019 - Marzo","Comunitat Valenciana","Reino Unido","Dato base",167
"2019 - Marzo","Comunitat Valenciana","Reino Unido","Tasa de variación acumulada",5.2
"2019 - Marzo","Comunitat Valenciana","Reino Unido","Tasa de variación anual",-0.8
"2019 - Mayo","Comunitat Valenciana","Francia","Acumulado en lo que va de año",306
"2019 - Mayo","Comunitat Valenciana","Francia","Dato base",74
"2019 - Mayo","Comunitat Valenciana","Francia","Tasa de variación acumulada",20.4
"2019 - Mayo","Comunitat Valenciana","Francia","Tasa de variación anual",-5.0
"2019 - Mayo","Comunitat Valenciana","Reino Unido","Acumulado en lo que va de año",756
"2019 - Mayo","Comunitat Valenciana","Reino Unido","Dato base",225
"2019 - Mayo","Comunitat Valenciana","Reino Unido","Tasa de variación acumulada",-2.6
"2019 - Mayo","Comunitat Valenciana","Reino Unido","Tasa de variación anual",-16.2
"2019 - Noviembre","Comunitat Valenciana","Francia","Acumulado en lo que va de año",1247
"2019 - Noviembre","Comunitat Valenciana","Francia","Dato base",53
"2019 - Noviembre","Comunitat Valenciana","Francia","Tasa de variación acumulada",16.1
"2019 - Noviembre","Comunitat Valenciana","Francia","Tasa de variación anual",47.5
"2019 - Noviembre","Comunitat Valenciana","Reino Unido","Acumulado en lo que va de año",2273
"2019 - Noviembre","Comunitat Valenciana","Reino Unido","Dato base",141
"2019 - Noviembre","Comunitat Valenciana","Reino Unido","Tasa de variación acumulada",-3.6
"2019 - Noviembre","Comunitat Valenciana","Reino Unido","Tasa de variación anual",-3.5
"2019 - Octubre","Comunitat Valenciana","Francia","Acumulado en lo que va de año",1195
"2019 - Octubre","Comunitat Valenciana","Francia","Dato base",89
"2019 - Octubre","Comunitat Valenciana","Francia","Tasa de variación acumulada",15.0
"2019 - Octubre","Comunitat Valenciana","Francia","Tasa de variación anual",18.0
"2019 - Octubre","Comunitat Valenciana","Reino Unido","Acumulado en lo que va de año",2132
"2019 - Octubre","Comunitat Valenciana","Reino Unido","Dato base",220
"2019 - Octubre","Comunitat Valenciana","Reino Unido","Tasa de variación acumulada",-3.6
"2019 - Octubre","Comunitat Valenciana","Reino Unido","Tasa de variación anual",-2.4
"2019 - Septiembre","Comunitat Valenciana","Francia","Acumulado en lo que va de año",1105
"2019 - Septiembre","Comunitat Valenciana","Francia","Dato base",132
"2019 - Septiembre","Comunitat Valenciana","Francia","Tasa de variación acumulada",14.8
"2019 - Septiembre","Comunitat Valenciana","Francia","Tasa de variación anual",21.3
"2019 - Septiembre","Comunitat Valenciana","Reino Unido","Acumulado en lo que va de año",1912
"2019 - Septiembre","Comunitat Valenciana","Reino Unido","Dato base",259
"2019 - Septiembre","Comunitat Valenciana","Reino Unido","Tasa de variación acumulada",-3.7
"2019 - Septiembre","Comunitat Valenciana","Reino Unido","Tasa de variación anual",-14.0
"2020 - Abril","Comunitat Valenciana","Francia","Acumulado en lo que va de año",135
"2020 - Abril","Comunitat Valenciana","Francia","Dato base",0
"2020 - Abril","Comunitat Valenciana","Francia","Tasa de variación acumulada",-41.7
"2020 - Abril","Comunitat Valenciana","Francia","Tasa de variación anual",-100.0
"2020 - Abril","Comunitat Valenciana","Reino Unido","Acumulado en lo que va de año",322
"2020 - Abril","Comunitat Valenciana","Reino Unido","Dato base",0
"2020 - Abril","Comunitat Valenciana","Reino Unido","Tasa de variación acumulada",-39.5
"2020 - Abril","Comunitat Valenciana","Reino Unido","Tasa de variación anual",-100.0
"2020 - Agosto","Comunitat Valenciana","Francia","Acumulado en lo que va de año",382
"2020 - Agosto","Comunitat Valenciana","Francia","Dato base",168
"2020 - Agosto","Comunitat Valenciana","Francia","Tasa de variación acumulada",-60.8
"2020 - Agosto","Comunitat Valenciana","Francia","Tasa de variación anual",-51.1
"2020 - Agosto","Comunitat Valenciana","Reino Unido","Acumulado en lo que va de año",442
"2020 - Agosto","Comunitat Valenciana","Reino Unido","Dato base",51
"2020 - Agosto","Comunitat Valenciana","Reino Unido","Tasa de variación acumulada",-73.3
"2020 - Agosto","Comunitat Valenciana","Reino Unido","Tasa de variación anual",-83.8
"2020 - Diciembre","Comunitat Valenciana","Francia","Acumulado en lo que va de año",498
"2020 - Diciembre","Comunitat Valenciana","Francia","Dato base",11
"2020 - Diciembre","Comunitat Valenciana","Francia","Tasa de variación acumulada",-62.1
"2020 - Diciembre","Comunitat Valenciana","Francia","Tasa de variación anual",-83.9
"2020 - Diciembre","Comunitat Valenciana","Reino Unido","Acumulado en lo que va de año",538
"2020 - Diciembre","Comunitat Valenciana","Reino Unido","Dato base",13
"2020 - Diciembre","Comunitat Valenciana","Reino Unido","Tasa de variación acumulada",-77.4
"2020 - Diciembre","Comunitat Valenciana","Reino Unido","Tasa de variación anual",-87.9
"2020 - Enero","Comunitat Valenciana","Francia","Acumulado en lo que va de año",49
"2020 - Enero","Comunitat Valenciana","Francia","Dato base",49
"2020 - Enero","Comunitat Valenciana","Francia","Tasa de variación acumulada",121.5
"2020 - Enero","Comunitat Valenciana","Francia","Tasa de variación anual",121.5
"2020 - Enero","Comunitat Valenciana","Reino Unido","Acumulado en lo que va de año",111
"2020 - Enero","Comunitat Valenciana","Reino Unido","Dato base",111
"2020 - Enero","Comunitat Valenciana","Reino Unido","Tasa de variación acumulada",192.6
"2020 - Enero","Comunitat Valenciana","Reino Unido","Tasa de variación anual",192.6
"2020 - Febrero","Comunitat Valenciana","Francia","Acumulado en lo que va de año",107
"2020 - Febrero","Comunitat Valenciana","Francia","Dato base",58
"2020 - Febrero","Comunitat Valenciana","Francia","Tasa de variación acumulada",32.1
"2020 - Febrero","Comunitat Valenciana","Francia","Tasa de variación anual",-1.2
"2020 - Febrero","Comunitat Valenciana","Reino Unido","Acumulado en lo que va de año",250
"2020 - Febrero","Comunitat Valenciana","Reino Unido","Dato base",139
"2020 - Febrero","Comunitat Valenciana","Reino Unido","Tasa de variación acumulada",57.5
"2020 - Febrero","Comunitat Valenciana","Reino Unido","Tasa de variación anual",15.1
"2020 - Julio","Comunitat Valenciana","Francia","Acumulado en lo que va de año",214
"2020 - Julio","Comunitat Valenciana","Francia","Dato base",77
"2020 - Julio","Comunitat Valenciana","Francia","Tasa de variación acumulada",-66.1
"2020 - Julio","Comunitat Valenciana","Francia","Tasa de variación anual",-64.0
"2020 - Julio","Comunitat Valenciana","Reino Unido","Acumulado en lo que va de año",391
"2020 - Julio","Comunitat Valenciana","Reino Unido","Dato base",68
"2020 - Julio","Comunitat Valenciana","Reino Unido","Tasa de variación acumulada",-70.8
"2020 - Julio","Comunitat Valenciana","Reino Unido","Tasa de variación anual",-78.8
"2020 - Junio","Comunitat Valenciana","Francia","Acumulado en lo que va de año",137
"2020 - Junio","Comunitat Valenciana","Francia","Dato base",2
"2020 - Junio","Comunitat Valenciana","Francia","Tasa de variación acumulada",-67.2
"2020 - Junio","Comunitat Valenciana","Francia","Tasa de variación anual",-98.1
"2020 - Junio","Comunitat Valenciana","Reino Unido","Acumulado en lo que va de año",323
"2020 - Junio","Comunitat Valenciana","Reino Unido","Dato base",1
"2020 - Junio","Comunitat Valenciana","Reino Unido","Tasa de variación acumulada",-68.3
"2020 - Junio","Comunitat Valenciana","Reino Unido","Tasa de variación anual",-99.5
"2020 - Marzo","Comunitat Valenciana","Francia","Acumulado en lo que va de año",135
"2020 - Marzo","Comunitat Valenciana","Francia","Dato base",29
"2020 - Marzo","Comunitat Valenciana","Francia","Tasa de variación acumulada",-14.3
"2020 - Marzo","Comunitat Valenciana","Francia","Tasa de variación anual",-62.9
"2020 - Marzo","Comunitat Valenciana","Reino Unido","Acumulado en lo que va de año",322
"2020 - Marzo","Comunitat Valenciana","Reino Unido","Dato base",72
"2020 - Marzo","Comunitat Valenciana","Reino Unido","Tasa de variación acumulada",-1.2
"2020 - Marzo","Comunitat Valenciana","Reino Unido","Tasa de variación anual",-57.1
"2020 - Mayo","Comunitat Valenciana","Francia","Acumulado en lo que va de año",135
"2020 - Mayo","Comunitat Valenciana","Francia","Dato base",0
"2020 - Mayo","Comunitat Valenciana","Francia","Tasa de variación acumulada",-55.8
"2020 - Mayo","Comunitat Valenciana","Francia","Tasa de variación anual",-100.0
"2020 - Mayo","Comunitat Valenciana","Reino Unido","Acumulado en lo que va de año",322
"2020 - Mayo","Comunitat Valenciana","Reino Unido","Dato base",0
"2020 - Mayo","Comunitat Valenciana","Reino Unido","Tasa de variación acumulada",-57.5
"2020 - Mayo","Comunitat Valenciana","Reino Unido","Tasa de variación anual",-100.0
"2020 - Noviembre","Comunitat Valenciana","Francia","Acumulado en lo que va de año",487
"2020 - Noviembre","Comunitat Valenciana","Francia","Dato base",4
"2020 - Noviembre","Comunitat Valenciana","Francia","Tasa de variación acumulada",-61.0
"2020 - Noviembre","Comunitat Valenciana","Francia","Tasa de variación anual",-91.6
"2020 - Noviembre","Comunitat Valenciana","Reino Unido","Acumulado en lo que va de año",525
"2020 - Noviembre","Comunitat Valenciana","Reino Unido","Dato base",10
"2020 - Noviembre","Comunitat Valenciana","Reino Unido","Tasa de variación acumulada",-76.9
"2020 - Noviembre","Comunitat Valenciana","Reino Unido","Tasa de variación anual",-92.9
"2020 - Octubre","Comunitat Valenciana","Francia","Acumulado en lo que va de año",483
"2020 - Octubre","Comunitat Valenciana","Francia","Dato base",37
"2020 - Octubre","Comunitat Valenciana","Francia","Tasa de variación acumulada",-59.6
"2020 - Octubre","Comunitat Valenciana","Francia","Tasa de variación anual",-59.0
"2020 - Octubre","Comunitat Valenciana","Reino Unido","Acumulado en lo que va de año",515
"2020 - Octubre","Comunitat Valenciana","Reino Unido","Dato base",38
"2020 - Octubre","Comunitat Valenciana","Reino Unido","Tasa de variación acumulada",-75.9
"2020 - Octubre","Comunitat Valenciana","Reino Unido","Tasa de variación anual",-83.0
"2020 - Septiembre","Comunitat Valenciana","Francia","Acumulado en lo que va de año",446
"2020 - Septiembre","Comunitat Valenciana","Francia","Dato base",64
"2020 - Septiembre","Comunitat Valenciana","Francia","Tasa de variación acumulada",-59.7
"2020 - Septiembre","Comunitat Valenciana","Francia","Tasa de variación anual",-51.2
"2020 - Septiembre","Comunitat Valenciana","Reino Unido","Acumulado en lo que va de año",477
"2020 - Septiembre","Comunitat Valenciana","Reino Unido","Dato base",36
"2020 - Septiembre","Comunitat Valenciana","Reino Unido","Tasa de variación acumulada",-75.0
"2020 - Septiembre","Comunitat Valenciana","Reino Unido","Tasa de variación anual",-86.3
"2021 - Abril","Comunitat Valenciana","Francia","Acumulado en lo que va de año",35
"2021 - Abril","Comunitat Valenciana","Francia","Dato base",10
"2021 - Abril","Comunitat Valenciana","Francia","Tasa de variación acumulada",-74.2
"2021 - Abril","Comunitat Valenciana","Francia","Tasa de variación anual",-
"2021 - Abril","Comunitat Valenciana","Reino Unido","Acumulado en lo que va de año",22
"2021 - Abril","Comunitat Valenciana","Reino Unido","Dato base",5
"2021 - Abril","Comunitat Valenciana","Reino Unido","Tasa de variación acumulada",-93.0
"2021 - Abril","Comunitat Valenciana","Reino Unido","Tasa de variación anual",-
"2021 - Agosto","Comunitat Valenciana","Francia","Acumulado en lo que va de año",531
"2021 - Agosto","Comunitat Valenciana","Francia","Dato base",282
"2021 - Agosto","Comunitat Valenciana","Francia","Tasa de variación acumulada",39.2
"2021 - Agosto","Comunitat Valenciana","Francia","Tasa de variación anual",67.8
"2021 - Agosto","Comunitat Valenciana","Reino Unido","Acumulado en lo que va de año",278
"2021 - Agosto","Comunitat Valenciana","Reino Unido","Dato base",113
"2021 - Agosto","Comunitat Valenciana","Reino Unido","Tasa de variación acumulada",-37.2
"2021 - Agosto","Comunitat Valenciana","Reino Unido","Tasa de variación anual",120.2
"2021 - Diciembre","Comunitat Valenciana","Francia","Acumulado en lo que va de año",847
"2021 - Diciembre","Comunitat Valenciana","Francia","Dato base",62
"2021 - Diciembre","Comunitat Valenciana","Francia","Tasa de variación acumulada",70.2
"2021 - Diciembre","Comunitat Valenciana","Francia","Tasa de variación anual",482.2
"2021 - Diciembre","Comunitat Valenciana","Reino Unido","Acumulado en lo que va de año",719
"2021 - Diciembre","Comunitat Valenciana","Reino Unido","Dato base",69
"2021 - Diciembre","Comunitat Valenciana","Reino Unido","Tasa de variación acumulada",33.7
"2021 - Diciembre","Comunitat Valenciana","Reino Unido","Tasa de variación anual",423.5
"2021 - Enero","Comunitat Valenciana","Francia","Acumulado en lo que va de año",12
"2021 - Enero","Comunitat Valenciana","Francia","Dato base",12
"2021 - Enero","Comunitat Valenciana","Francia","Tasa de variación acumulada",-75.9
"2021 - Enero","Comunitat Valenciana","Francia","Tasa de variación anual",-75.9
"2021 - Enero","Comunitat Valenciana","Reino Unido","Acumulado en lo que va de año",4
"2021 - Enero","Comunitat Valenciana","Reino Unido","Dato base",4
"2021 - Enero","Comunitat Valenciana","Reino Unido","Tasa de variación acumulada",-96.2
"2021 - Enero","Comunitat Valenciana","Reino Unido","Tasa de variación anual",-96.2
"2021 - Febrero","Comunitat Valenciana","Francia","Acumulado en lo que va de año",18
"2021 - Febrero","Comunitat Valenciana","Francia","Dato base",6
"2021 - Febrero","Comunitat Valenciana","Francia","Tasa de variación acumulada",-83.1
"2021 - Febrero","Comunitat Valenciana","Francia","Tasa de variación anual",-89.2
"2021 - Febrero","Comunitat Valenciana","Reino Unido","Acumulado en lo que va de año",7
"2021 - Febrero","Comunitat Valenciana","Reino Unido","Dato base",2
"2021 - Febrero","Comunitat Valenciana","Reino Unido","Tasa de variación acumulada",-97.4
"2021 - Febrero","Comunitat Valenciana","Reino Unido","Tasa de variación anual",-98.3
"2021 - Julio","Comunitat Valenciana","Francia","Acumulado en lo que va de año",249
"2021 - Julio","Comunitat Valenciana","Francia","Dato base",152
"2021 - Julio","Comunitat Valenciana","Francia","Tasa de variación acumulada",16.7
"2021 - Julio","Comunitat Valenciana","Francia","Tasa de variación anual",99.2
"2021 - Julio","Comunitat Valenciana","Reino Unido","Acumulado en lo que va de año",165
"2021 - Julio","Comunitat Valenciana","Reino Unido","Dato base",97
"2021 - Julio","Comunitat Valenciana","Reino Unido","Tasa de variación acumulada",-57.8
"2021 - Julio","Comunitat Valenciana","Reino Unido","Tasa de variación anual",42.8
"2021 - Junio","Comunitat Valenciana","Francia","Acumulado en lo que va de año",97
"2021 - Junio","Comunitat Valenciana","Francia","Dato base",38
"2021 - Junio","Comunitat Valenciana","Francia","Tasa de variación acumulada",-29.4
"2021 - Junio","Comunitat Valenciana","Francia","Tasa de variación anual",1695.2
"2021 - Junio","Comunitat Valenciana","Reino Unido","Acumulado en lo que va de año",68
"2021 - Junio","Comunitat Valenciana","Reino Unido","Dato base",40
"2021 - Junio","Comunitat Valenciana","Reino Unido","Tasa de variación acumulada",-78.9
"2021 - Junio","Comunitat Valenciana","Reino Unido","Tasa de variación anual",2992.3
"2021 - Marzo","Comunitat Valenciana","Francia","Acumulado en lo que va de año",25
"2021 - Marzo","Comunitat Valenciana","Francia","Dato base",7
"2021 - Marzo","Comunitat Valenciana","Francia","Tasa de variación acumulada",-81.9
"2021 - Marzo","Comunitat Valenciana","Francia","Tasa de variación anual",-77.3
"2021 - Marzo","Comunitat Valenciana","Reino Unido","Acumulado en lo que va de año",17
"2021 - Marzo","Comunitat Valenciana","Reino Unido","Dato base",10
"2021 - Marzo","Comunitat Valenciana","Reino Unido","Tasa de variación acumulada",-94.7
"2021 - Marzo","Comunitat Valenciana","Reino Unido","Tasa de variación anual",-85.5
"2021 - Mayo","Comunitat Valenciana","Francia","Acumulado en lo que va de año",59
"2021 - Mayo","Comunitat Valenciana","Francia","Dato base",24
"2021 - Mayo","Comunitat Valenciana","Francia","Tasa de variación acumulada",-56.1
"2021 - Mayo","Comunitat Valenciana","Francia","Tasa de variación anual",-
"2021 - Mayo","Comunitat Valenciana","Reino Unido","Acumulado en lo que va de año",28
"2021 - Mayo","Comunitat Valenciana","Reino Unido","Dato base",6
"2021 - Mayo","Comunitat Valenciana","Reino Unido","Tasa de variación acumulada",-91.3
"2021 - Mayo","Comunitat Valenciana","Reino Unido","Tasa de variación anual",-
"2021 - Noviembre","Comunitat Valenciana","Francia","Acumulado en lo que va de año",785
"2021 - Noviembre","Comunitat Valenciana","Francia","Dato base",41
"2021 - Noviembre","Comunitat Valenciana","Francia","Tasa de variación acumulada",61.2
"2021 - Noviembre","Comunitat Valenciana","Francia","Tasa de variación anual",822.7
"2021 - Noviembre","Comunitat Valenciana","Reino Unido","Acumulado en lo que va de año",650
"2021 - Noviembre","Comunitat Valenciana","Reino Unido","Dato base",96
"2021 - Noviembre","Comunitat Valenciana","Reino Unido","Tasa de variación acumulada",23.9
"2021 - Noviembre","Comunitat Valenciana","Reino Unido","Tasa de variación anual",856.0
"2021 - Octubre","Comunitat Valenciana","Francia","Acumulado en lo que va de año",744
"2021 - Octubre","Comunitat Valenciana","Francia","Dato base",85
"2021 - Octubre","Comunitat Valenciana","Francia","Tasa de variación acumulada",54.2
"2021 - Octubre","Comunitat Valenciana","Francia","Tasa de variación anual",132.0
"2021 - Octubre","Comunitat Valenciana","Reino Unido","Acumulado en lo que va de año",555
"2021 - Octubre","Comunitat Valenciana","Reino Unido","Dato base",155
"2021 - Octubre","Comunitat Valenciana","Reino Unido","Tasa de variación acumulada",7.8
"2021 - Octubre","Comunitat Valenciana","Reino Unido","Tasa de variación anual",314.4
"2021 - Septiembre","Comunitat Valenciana","Francia","Acumulado en lo que va de año",659
"2021 - Septiembre","Comunitat Valenciana","Francia","Dato base",128
"2021 - Septiembre","Comunitat Valenciana","Francia","Tasa de variación acumulada",47.8
"2021 - Septiembre","Comunitat Valenciana","Francia","Tasa de variación anual",99.4
"2021 - Septiembre","Comunitat Valenciana","Reino Unido","Acumulado en lo que va de año",399
"2021 - Septiembre","Comunitat Valenciana","Reino Unido","Dato base",122
"2021 - Septiembre","Comunitat Valenciana","Reino Unido","Tasa de variación acumulada",-16.3
"2021 - Septiembre","Comunitat Valenciana","Reino Unido","Tasa de variación anual",242.8
"2022 - Abril","Comunitat Valenciana","Francia","Acumulado en lo que va de año",275
"2022 - Abril","Comunitat Valenciana","Francia","Dato base",90
"2022 - Abril","Comunitat Valenciana","Francia","Tasa de variación acumulada",687.8
"2022 - Abril","Comunitat Valenciana","Francia","Tasa de variación anual",767.0
"2022 - Abril","Comunitat Valenciana","Reino Unido","Acumulado en lo que va de año",492
"2022 - Abril","Comunitat Valenciana","Reino Unido","Dato base",189
"2022 - Abril","Comunitat Valenciana","Reino Unido","Tasa de variación acumulada",2096.9
"2022 - Abril","Comunitat Valenciana","Reino Unido","Tasa de variación anual",3400.0
"2022 - Agosto","Comunitat Valenciana","Francia","Acumulado en lo que va de año",1050
"2022 - Agosto","Comunitat Valenciana","Francia","Dato base",358
"2022 - Agosto","Comunitat Valenciana","Francia","Tasa de variación acumulada",97.7
"2022 - Agosto","Comunitat Valenciana","Francia","Tasa de variación anual",27.0
"2022 - Agosto","Comunitat Valenciana","Reino Unido","Acumulado en lo que va de año",1578
"2022 - Agosto","Comunitat Valenciana","Reino Unido","Dato base",271
"2022 - Agosto","Comunitat Valenciana","Reino Unido","Tasa de variación acumulada",468.7
"2022 - Agosto","Comunitat Valenciana","Reino Unido","Tasa de variación anual",140.9
"2022 - Diciembre","Comunitat Valenciana","Francia","Acumulado en lo que va de año",1511
"2022 - Diciembre","Comunitat Valenciana","Francia","Dato base",99
"2022 - Diciembre","Comunitat Valenciana","Francia","Tasa de variación acumulada",78.4
"2022 - Diciembre","Comunitat Valenciana","Francia","Tasa de variación anual",58.8
"2022 - Diciembre","Comunitat Valenciana","Reino Unido","Acumulado en lo que va de año",2288
"2022 - Diciembre","Comunitat Valenciana","Reino Unido","Dato base",110
"2022 - Diciembre","Comunitat Valenciana","Reino Unido","Tasa de variación acumulada",218.1
"2022 - Diciembre","Comunitat Valenciana","Reino Unido","Tasa de variación anual",58.9
"2022 - Enero","Comunitat Valenciana","Francia","Acumulado en lo que va de año",57
"2022 - Enero","Comunitat Valenciana","Francia","Dato base",57
"2022 - Enero","Comunitat Valenciana","Francia","Tasa de variación acumulada",386.6
"2022 - Enero","Comunitat Valenciana","Francia","Tasa de variación anual",386.6
"2022 - Enero","Comunitat Valenciana","Reino Unido","Acumulado en lo que va de año",50
"2022 - Enero","Comunitat Valenciana","Reino Unido","Dato base",50
"2022 - Enero","Comunitat Valenciana","Reino Unido","Tasa de variación acumulada",1085.8
"2022 - Enero","Comunitat Valenciana","Reino Unido","Tasa de variación anual",1085.8
"2022 - Febrero","Comunitat Valenciana","Francia","Acumulado en lo que va de año",124
"2022 - Febrero","Comunitat Valenciana","Francia","Dato base",67
"2022 - Febrero","Comunitat Valenciana","Francia","Tasa de variación acumulada",587.3
"2022 - Febrero","Comunitat Valenciana","Francia","Tasa de variación anual",959.9
"2022 - Febrero","Comunitat Valenciana","Reino Unido","Acumulado en lo que va de año",139
"2022 - Febrero","Comunitat Valenciana","Reino Unido","Dato base",90
"2022 - Febrero","Comunitat Valenciana","Reino Unido","Tasa de variación acumulada",2011.3
"2022 - Febrero","Comunitat Valenciana","Reino Unido","Tasa de variación anual",3630.8
"2022 - Julio","Comunitat Valenciana","Francia","Acumulado en lo que va de año",692
"2022 - Julio","Comunitat Valenciana","Francia","Dato base",272
"2022 - Julio","Comunitat Valenciana","Francia","Tasa de variación acumulada",177.5
"2022 - Julio","Comunitat Valenciana","Francia","Tasa de variación anual",78.3
"2022 - Julio","Comunitat Valenciana","Reino Unido","Acumulado en lo que va de año",1307
"2022 - Julio","Comunitat Valenciana","Reino Unido","Dato base",303
"2022 - Julio","Comunitat Valenciana","Reino Unido","Tasa de variación acumulada",692.2
"2022 - Julio","Comunitat Valenciana","Reino Unido","Tasa de variación anual",212.8
"2022 - Junio","Comunitat Valenciana","Francia","Acumulado en lo que va de año",420
"2022 - Junio","Comunitat Valenciana","Francia","Dato base",68
"2022 - Junio","Comunitat Valenciana","Francia","Tasa de variación acumulada",333.3
"2022 - Junio","Comunitat Valenciana","Francia","Tasa de variación anual",80.2
"2022 - Junio","Comunitat Valenciana","Reino Unido","Acumulado en lo que va de año",1004
"2022 - Junio","Comunitat Valenciana","Reino Unido","Dato base",278
"2022 - Junio","Comunitat Valenciana","Reino Unido","Tasa de variación acumulada",1372.7
"2022 - Junio","Comunitat Valenciana","Reino Unido","Tasa de variación anual",592.3
"2022 - Marzo","Comunitat Valenciana","Francia","Acumulado en lo que va de año",185
"2022 - Marzo","Comunitat Valenciana","Francia","Dato base",61
"2022 - Marzo","Comunitat Valenciana","Francia","Tasa de variación acumulada",654.2
"2022 - Marzo","Comunitat Valenciana","Francia","Tasa de variación anual",839.3
"2022 - Marzo","Comunitat Valenciana","Reino Unido","Acumulado en lo que va de año",303
"2022 - Marzo","Comunitat Valenciana","Reino Unido","Dato base",164
"2022 - Marzo","Comunitat Valenciana","Reino Unido","Tasa de variación acumulada",1683.0
"2022 - Marzo","Comunitat Valenciana","Reino Unido","Tasa de variación anual",1474.6
"2022 - Mayo","Comunitat Valenciana","Francia","Acumulado en lo que va de año",352
"2022 - Mayo","Comunitat Valenciana","Francia","Dato base",77
"2022 - Mayo","Comunitat Valenciana","Francia","Tasa de variación acumulada",494.1
"2022 - Mayo","Comunitat Valenciana","Francia","Tasa de variación anual",217.1
"2022 - Mayo","Comunitat Valenciana","Reino Unido","Acumulado en lo que va de año",726
"2022 - Mayo","Comunitat Valenciana","Reino Unido","Dato base",234
"2022 - Mayo","Comunitat Valenciana","Reino Unido","Tasa de variación acumulada",2493.0
"2022 - Mayo","Comunitat Valenciana","Reino Unido","Tasa de variación anual",4077.4
"2022 - Noviembre","Comunitat Valenciana","Francia","Acumulado en lo que va de año",1412
"2022 - Noviembre","Comunitat Valenciana","Francia","Dato base",78
"2022 - Noviembre","Comunitat Valenciana","Francia","Tasa de variación acumulada",79.9
"2022 - Noviembre","Comunitat Valenciana","Francia","Tasa de variación anual",91.5
"2022 - Noviembre","Comunitat Valenciana","Reino Unido","Acumulado en lo que va de año",2178
"2022 - Noviembre","Comunitat Valenciana","Reino Unido","Dato base",145
"2022 - Noviembre","Comunitat Valenciana","Reino Unido","Tasa de variación acumulada",235.0
"2022 - Noviembre","Comunitat Valenciana","Reino Unido","Tasa de variación anual",52.1
"2022 - Octubre","Comunitat Valenciana","Francia","Acumulado en lo que va de año",1334
"2022 - Octubre","Comunitat Valenciana","Francia","Dato base",127
"2022 - Octubre","Comunitat Valenciana","Francia","Tasa de variación acumulada",79.3
"2022 - Octubre","Comunitat Valenciana","Francia","Tasa de variación anual",49.1
"2022 - Octubre","Comunitat Valenciana","Reino Unido","Acumulado en lo que va de año",2033
"2022 - Octubre","Comunitat Valenciana","Reino Unido","Dato base",207
"2022 - Octubre","Comunitat Valenciana","Reino Unido","Tasa de variación acumulada",266.5
"2022 - Octubre","Comunitat Valenciana","Reino Unido","Tasa de variación anual",32.9
"2022 - Septiembre","Comunitat Valenciana","Francia","Acumulado en lo que va de año",1208
"2022 - Septiembre","Comunitat Valenciana","Francia","Dato base",158
"2022 - Septiembre","Comunitat Valenciana","Francia","Tasa de variación acumulada",83.2
"2022 - Septiembre","Comunitat Valenciana","Francia","Tasa de variación anual",23.1
"2022 - Septiembre","Comunitat Valenciana","Reino Unido","Acumulado en lo que va de año",1826
"2022 - Septiembre","Comunitat Valenciana","Reino Unido","Dato base",248
"2022 - Septiembre","Comunitat Valenciana","Reino Unido","Tasa de variación acumulada",357.4
"2022 - Septiembre","Comunitat Valenciana","Reino Unido","Tasa de variación anual",103.6
"2023 - Abril","Comunitat Valenciana","Francia","Acumulado en lo que va de año",302
"2023 - Abril","Comunitat Valenciana","Francia","Dato base",106
"2023 - Abril","Comunitat Valenciana","Francia","Tasa de variación acumulada",10.0
"2023 - Abril","Comunitat Valenciana","Francia","Tasa de variación anual",17.2
"2023 - Abril","Comunitat Valenciana","Reino Unido","Acumulado en lo que va de año",611
"2023 - Abril","Comunitat Valenciana","Reino Unido","Dato base",200
"2023 - Abril","Comunitat Valenciana","Reino Unido","Tasa de variación acumulada",24.2
"2023 - Abril","Comunitat Valenciana","Reino Unido","Tasa de variación anual",5.9
"2023 - Agosto","Comunitat Valenciana","Francia","Acumulado en lo que va de año",1516
"2023 - Agosto","Comunitat Valenciana","Francia","Dato base",535
"2023 - Agosto","Comunitat Valenciana","Francia","Tasa de variación acumulada",44.4
"2023 - Agosto","Comunitat Valenciana","Francia","Tasa de variación anual",49.6
"2023 - Agosto","Comunitat Valenciana","Reino Unido","Acumulado en lo que va de año",1805
"2023 - Agosto","Comunitat Valenciana","Reino Unido","Dato base",294
"2023 - Agosto","Comunitat Valenciana","Reino Unido","Tasa de variación acumulada",14.4
"2023 - Agosto","Comunitat Valenciana","Reino Unido","Tasa de variación anual",8.5
"2023 - Diciembre","Comunitat Valenciana","Francia","Acumulado en lo que va de año",2003
"2023 - Diciembre","Comunitat Valenciana","Francia","Dato base",126
"2023 - Diciembre","Comunitat Valenciana","Francia","Tasa de variación acumulada",32.6
"2023 - Diciembre","Comunitat Valenciana","Francia","Tasa de variación anual",27.2
"2023 - Diciembre","Comunitat Valenciana","Reino Unido","Acumulado en lo que va de año",2730
"2023 - Diciembre","Comunitat Valenciana","Reino Unido","Dato base",151
"2023 - Diciembre","Comunitat Valenciana","Reino Unido","Tasa de variación acumulada",19.3
"2023 - Diciembre","Comunitat Valenciana","Reino Unido","Tasa de variación anual",37.4
"2023 - Enero ","Comunitat Valenciana","Francia","Acumulado en lo que va de año",47
"2023 - Enero ","Comunitat Valenciana","Francia","Dato base",47
"2023 - Enero ","Comunitat Valenciana","Francia","Tasa de variación acumulada",-18.0
"2023 - Enero ","Comunitat Valenciana","Francia","Tasa de variación anual",-18.0
"2023 - Enero ","Comunitat Valenciana","Reino Unido","Acumulado en lo que va de año",105
"2023 - Enero ","Comunitat Valenciana","Reino Unido","Dato base",105
"2023 - Enero ","Comunitat Valenciana","Reino Unido","Tasa de variación acumulada",111.4
"2023 - Enero ","Comunitat Valenciana","Reino Unido","Tasa de variación anual",111.4
"2023 - Febrero","Comunitat Valenciana","Francia","Acumulado en lo que va de año",122
"2023 - Febrero","Comunitat Valenciana","Francia","Dato base",75
"2023 - Febrero","Comunitat Valenciana","Francia","Tasa de variación acumulada",-1.5
"2023 - Febrero","Comunitat Valenciana","Francia","Tasa de variación anual",12.5
"2023 - Febrero","Comunitat Valenciana","Reino Unido","Acumulado en lo que va de año",215
"2023 - Febrero","Comunitat Valenciana","Reino Unido","Dato base",110
"2023 - Febrero","Comunitat Valenciana","Reino Unido","Tasa de variación acumulada",54.2
"2023 - Febrero","Comunitat Valenciana","Reino Unido","Tasa de variación anual",22.4
"2023 - Julio","Comunitat Valenciana","Francia","Acumulado en lo que va de año",980
"2023 - Julio","Comunitat Valenciana","Francia","Dato base",383
"2023 - Julio","Comunitat Valenciana","Francia","Tasa de variación acumulada",41.7
"2023 - Julio","Comunitat Valenciana","Francia","Tasa de variación anual",40.8
"2023 - Julio","Comunitat Valenciana","Reino Unido","Acumulado en lo que va de año",1511
"2023 - Julio","Comunitat Valenciana","Reino Unido","Dato base",324
"2023 - Julio","Comunitat Valenciana","Reino Unido","Tasa de variación acumulada",15.6
"2023 - Julio","Comunitat Valenciana","Reino Unido","Tasa de variación anual",7.2
"2023 - Marzo","Comunitat Valenciana","Francia","Acumulado en lo que va de año",197
"2023 - Marzo","Comunitat Valenciana","Francia","Dato base",75
"2023 - Marzo","Comunitat Valenciana","Francia","Tasa de variación acumulada",6.4
"2023 - Marzo","Comunitat Valenciana","Francia","Tasa de variación anual",22.5
"2023 - Marzo","Comunitat Valenciana","Reino Unido","Acumulado en lo que va de año",411
"2023 - Marzo","Comunitat Valenciana","Reino Unido","Dato base",196
"2023 - Marzo","Comunitat Valenciana","Reino Unido","Tasa de variación acumulada",35.6
"2023 - Marzo","Comunitat Valenciana","Reino Unido","Tasa de variación anual",19.8
"2023 - Mayo","Comunitat Valenciana","Francia","Acumulado en lo que va de año",445
"2023 - Mayo","Comunitat Valenciana","Francia","Dato base",142
"2023 - Mayo","Comunitat Valenciana","Francia","Tasa de variación acumulada",26.2
"2023 - Mayo","Comunitat Valenciana","Francia","Tasa de variación anual",83.8
"2023 - Mayo","Comunitat Valenciana","Reino Unido","Acumulado en lo que va de año",886
"2023 - Mayo","Comunitat Valenciana","Reino Unido","Dato base",275
"2023 - Mayo","Comunitat Valenciana","Reino Unido","Tasa de variación acumulada",22.0
"2023 - Mayo","Comunitat Valenciana","Reino Unido","Tasa de variación anual",17.4
"2023 - Noviembre","Comunitat Valenciana","Francia","Acumulado en lo que va de año",1877
"2023 - Noviembre","Comunitat Valenciana","Francia","Dato base",96
"2023 - Noviembre","Comunitat Valenciana","Francia","Tasa de variación acumulada",32.9
"2023 - Noviembre","Comunitat Valenciana","Francia","Tasa de variación anual",23.9
"2023 - Noviembre","Comunitat Valenciana","Reino Unido","Acumulado en lo que va de año",2579
"2023 - Noviembre","Comunitat Valenciana","Reino Unido","Dato base",186
"2023 - Noviembre","Comunitat Valenciana","Reino Unido","Tasa de variación acumulada",18.4
"2023 - Noviembre","Comunitat Valenciana","Reino Unido","Tasa de variación anual",28.2
"2023 - Octubre","Comunitat Valenciana","Francia","Acumulado en lo que va de año",1781
"2023 - Octubre","Comunitat Valenciana","Francia","Dato base",104
"2023 - Octubre","Comunitat Valenciana","Francia","Tasa de variación acumulada",33.5
"2023 - Octubre","Comunitat Valenciana","Francia","Tasa de variación anual",-17.6
"2023 - Octubre","Comunitat Valenciana","Reino Unido","Acumulado en lo que va de año",2393
"2023 - Octubre","Comunitat Valenciana","Reino Unido","Dato base",309
"2023 - Octubre","Comunitat Valenciana","Reino Unido","Tasa de variación acumulada",17.7
"2023 - Octubre","Comunitat Valenciana","Reino Unido","Tasa de variación anual",49.6
"2023 - Septiembre","Comunitat Valenciana","Francia","Acumulado en lo que va de año",1676
"2023 - Septiembre","Comunitat Valenciana","Francia","Dato base",161
"2023 - Septiembre","Comunitat Valenciana","Francia","Tasa de variación acumulada",38.8
"2023 - Septiembre","Comunitat Valenciana","Francia","Tasa de variación anual",1.8
"2023 - Septiembre","Comunitat Valenciana","Reino Unido","Acumulado en lo que va de año",2084
"2023 - Septiembre","Comunitat Valenciana","Reino Unido","Dato base",279
"2023 - Septiembre","Comunitat Valenciana","Reino Unido","Tasa de variación acumulada",14.1
"2023 - Septiembre","Comunitat Valenciana","Reino Unido","Tasa de variación anual",12.5
"2024 - Abril","Comunitat Valenciana","Francia","Acumulado en lo que va de año",439
"2024 - Abril","Comunitat Valenciana","Francia","Dato base",138
"2024 - Abril","Comunitat Valenciana","Francia","Tasa de variación acumulada",45.2
"2024 - Abril","Comunitat Valenciana","Francia","Tasa de variación anual",30.4
"2024 - Abril","Comunitat Valenciana","Reino Unido","Acumulado en lo que va de año",836
"2024 - Abril","Comunitat Valenciana","Reino Unido","Dato base",248
"2024 - Abril","Comunitat Valenciana","Reino Unido","Tasa de variación acumulada",36.8
"2024 - Abril","Comunitat Valenciana","Reino Unido","Tasa de variación anual",23.8
"2024 - Agosto","Comunitat Valenciana","Francia","Acumulado en lo que va de año",1725
"2024 - Agosto","Comunitat Valenciana","Francia","Dato base",618
"2024 - Agosto","Comunitat Valenciana","Francia","Tasa de variación acumulada",13.8
"2024 - Agosto","Comunitat Valenciana","Francia","Tasa de variación anual",15.4
"2024 - Agosto","Comunitat Valenciana","Reino Unido","Acumulado en lo que va de año",2364
"2024 - Agosto","Comunitat Valenciana","Reino Unido","Dato base",358
"2024 - Agosto","Comunitat Valenciana","Reino Unido","Tasa de variación acumulada",30.9
"2024 - Agosto","Comunitat Valenciana","Reino Unido","Tasa de variación anual",21.5
"2024 - Enero","Comunitat Valenciana","Francia","Acumulado en lo que va de año",91
"2024 - Enero","Comunitat Valenciana","Francia","Dato base",91
"2024 - Enero","Comunitat Valenciana","Francia","Tasa de variación acumulada",93.8
"2024 - Enero","Comunitat Valenciana","Francia","Tasa de variación anual",93.8
"2024 - Enero","Comunitat Valenciana","Reino Unido","Acumulado en lo que va de año",150
"2024 - Enero","Comunitat Valenciana","Reino Unido","Dato base",150
"2024 - Enero","Comunitat Valenciana","Reino Unido","Tasa de variación acumulada",42.5
"2024 - Enero","Comunitat Valenciana","Reino Unido","Tasa de variación anual",42.5
"2024 - Febrero","Comunitat Valenciana","Francia","Acumulado en lo que va de año",188
"2024 - Febrero","Comunitat Valenciana","Francia","Dato base",98
"2024 - Febrero","Comunitat Valenciana","Francia","Tasa de variación acumulada",54.6
"2024 - Febrero","Comunitat Valenciana","Francia","Tasa de variación anual",30.1
"2024 - Febrero","Comunitat Valenciana","Reino Unido","Acumulado en lo que va de año",321
"2024 - Febrero","Comunitat Valenciana","Reino Unido","Dato base",171
"2024 - Febrero","Comunitat Valenciana","Reino Unido","Tasa de variación acumulada",49.2
"2024 - Febrero","Comunitat Valenciana","Reino Unido","Tasa de variación anual",55.8
"2024 - Julio","Comunitat Valenciana","Francia","Acumulado en lo que va de año",1107
"2024 - Julio","Comunitat Valenciana","Francia","Dato base",404
"2024 - Julio","Comunitat Valenciana","Francia","Tasa de variación acumulada",13.0
"2024 - Julio","Comunitat Valenciana","Francia","Tasa de variación anual",5.6
"2024 - Julio","Comunitat Valenciana","Reino Unido","Acumulado en lo que va de año",2006
"2024 - Julio","Comunitat Valenciana","Reino Unido","Dato base",428
"2024 - Julio","Comunitat Valenciana","Reino Unido","Tasa de variación acumulada",32.8
"2024 - Julio","Comunitat Valenciana","Reino Unido","Tasa de variación anual",31.9
"2024 - Junio","Comunitat Valenciana","Francia","Acumulado en lo que va de año",703
"2024 - Junio","Comunitat Valenciana","Francia","Dato base",134
"2024 - Junio","Comunitat Valenciana","Francia","Tasa de variación acumulada",17.6
"2024 - Junio","Comunitat Valenciana","Francia","Tasa de variación anual",-12.2
"2024 - Junio","Comunitat Valenciana","Reino Unido","Acumulado en lo que va de año",1578
"2024 - Junio","Comunitat Valenciana","Reino Unido","Dato base",401
"2024 - Junio","Comunitat Valenciana","Reino Unido","Tasa de variación acumulada",33.0
"2024 - Junio","Comunitat Valenciana","Reino Unido","Tasa de variación anual",33.2
"2024 - Marzo","Comunitat Valenciana","Francia","Acumulado en lo que va de año",301
"2024 - Marzo","Comunitat Valenciana","Francia","Dato base",113
"2024 - Marzo","Comunitat Valenciana","Francia","Tasa de variación acumulada",53.2
"2024 - Marzo","Comunitat Valenciana","Francia","Tasa de variación anual",50.9
"2024 - Marzo","Comunitat Valenciana","Reino Unido","Acumulado en lo que va de año",588
"2024 - Marzo","Comunitat Valenciana","Reino Unido","Dato base",267
"2024 - Marzo","Comunitat Valenciana","Reino Unido","Tasa de variación acumulada",43.1
"2024 - Marzo","Comunitat Valenciana","Reino Unido","Tasa de variación anual",36.3
"2024 - Mayo","Comunitat Valenciana","Francia","Acumulado en lo que va de año",569
"2024 - Mayo","Comunitat Valenciana","Francia","Dato base",130
"2024 - Mayo","Comunitat Valenciana","Francia","Tasa de variación acumulada",27.9
"2024 - Mayo","Comunitat Valenciana","Francia","Tasa de variación anual",-8.8
"2024 - Mayo","Comunitat Valenciana","Reino Unido","Acumulado en lo que va de año",1177
"2024 - Mayo","Comunitat Valenciana","Reino Unido","Dato base",342
"2024 - Mayo","Comunitat Valenciana","Reino Unido","Tasa de variación acumulada",32.9
"2024 - Mayo","Comunitat Valenciana","Reino Unido","Tasa de variación anual",24.5
"2024 - Septiembre","Comunitat Valenciana","Francia","Acumulado en lo que va de año",1948
"2024 - Septiembre","Comunitat Valenciana","Francia","Dato base",223
"2024 - Septiembre","Comunitat Valenciana","Francia","Tasa de variación acumulada",16.2
"2024 - Septiembre","Comunitat Valenciana","Francia","Tasa de variación anual",38.6
"2024 - Septiembre","Comunitat Valenciana","Reino Unido","Acumulado en lo que va de año",2702
"2024 - Septiembre","Comunitat Valenciana","Reino Unido","Dato base",339
"2024 - Septiembre","Comunitat Valenciana","Reino Unido","Tasa de variación acumulada",29.7
"2024 - Septiembre","Comunitat Valenciana","Reino Unido","Tasa de variación anual",21.5
