AIRLINEIATACODE,ID,AIRLINENAME,BIZMODEL,ACTIVESTATUS,GROUPNAME,HUBAIRPORTIATACODE,COUNTRYCODE,STARTDATE,ENDDATE,LOAD_TIME
0,1,Unknown,,1,,QZW,FR,01/01/2000,31/12/2199,
0A,2,Asta Linhas Aereas Ltda,Charter,1,,CGB,BR,01/01/2000,31/12/2199,
0B,3,Blue Air,Low Cost Carrier,1,,OTP,RO,13/12/2004,31/12/2199,
0C,4,Cobra Aviation (Pty) Ltd,Charter,1,,,ZA,01/01/2000,31/12/2199,
0J,5,Premium Jet Ag,Charter,1,,,CH,01/01/2000,31/12/2199,
0K,6,Kokshetau Airline,Charter,1,,KOV,KZ,01/01/2000,31/12/2199,
0V,7,Vietnam Air Service Company,Full Service Carrier,1,Vietnam Airlines Corporation,SGN,VN,01/01/2000,31/12/2199,
1I,8,Netjets Aviation, Inc.,Charter,1,,,US,01/01/2000,31/12/2199,
1T,9,Russian Sky,Charter,1,,DME,RU,01/01/2000,31/12/2199,
1X,10,Branson Air Express,Virtual Carrier,1,,BKG,US,01/01/2000,31/12/2199,
2A,11,Deutsche Bahn Ag,Other,1,,,DE,01/01/2000,31/12/2199,
2B,12,Albawings,Full Service Carrier,1,,TIA,AL,01/08/2016,31/12/2199,
2C,13,Sncf,Other,1,,,FR,01/01/2000,31/12/2199,
2D,14,Eastern Airlines,Full Service Carrier,1,,MIA,US,01/02/2015,31/12/2199,
2E,15,Smokey Bay Air,Regional/Commuter,1,,SOV,US,01/01/2000,31/12/2199,
2F,16,Two Taxi Aereo Ltda,Regional/Commuter,1,,,BR,01/01/2000,31/12/2199,
2G,17,Angara Airlines,Charter,1,,IKT,RU,01/01/2000,31/12/2199,
2H,18,Thalys International,Other,1,,,BE,01/01/2000,31/12/2199,
2I,19,Star Peru,Regional/Commuter,1,,LIM,PE,01/01/2000,31/12/2199,
2J,20,Air Burkina,Full Service Carrier,1,,OUA,BF,17/03/1967,31/12/2199,
2K,21,Avianca Ecuador,Full Service Carrier,1,Avianca Group International Limited,UIO,EC,01/01/2000,31/12/2199,
2L,22,Helvetic Airways,Full Service Carrier,1,,ZRH,CH,01/01/2000,31/12/2199,
2M,23,Maya Island Air,Regional/Commuter,1,,TZA,BZ,01/01/2000,31/12/2199,
2N,24,Yuzhmashavia,Charter,1,,DNK,UA,01/01/1985,31/12/2199,
2O,25,Island Air Service,Charter,1,,ADQ,US,01/01/2000,31/12/2199,
2P,26,Pal Express,Full Service Carrier,1,Pal Group,MNL,PH,01/01/2000,31/12/2199,
2T,27,Trujet,Low Cost Carrier,1,,HYD,IN,12/07/2015,31/12/2199,
2U,28,Sun D'Or International Airlines,Full Service Carrier,1,El Al Group,TLV,IL,01/01/2000,31/12/2199,
2V,29,Amtrak,Other,1,,,US,01/01/2000,31/12/2199,
2Z,30,Voepass,Regional/Commuter,1,,RAO,BR,01/01/2000,31/12/2199,
3A,31,Chu Kong Passenger Transport,Regional/Commuter,1,,HKG,HK,01/01/2000,31/12/2199,
3B,32,Transportes Interilhas De Cabo Verde (Ticv),Regional/Commuter,1,,RAI,CV,12/11/2016,31/12/2199,
3C,33,Air Chathams,Regional/Commuter,1,,CHT,NZ,01/01/2000,31/12/2199,
3E,34,Air Choice One,Full Service Carrier,1,,STL,US,01/01/2000,31/12/2199,
3F,35,Pacific Airways,Regional/Commuter,1,,KTN,US,01/01/2000,31/12/2199,
3H,36,Air Inuit,Regional/Commuter,1,,YVP,CA,01/01/2000,31/12/2199,
3J,37,Jubba Airways,Full Service Carrier,1,African Airways Alliance,NBO,KE,01/01/2000,31/12/2199,
3K,38,Jetstar Asia,Low Cost Carrier,1,Jetstar Group,SIN,SG,01/01/2000,31/12/2199,
3L,39,Air Arabia Abu Dhabi,Low Cost Carrier,1,Etihad Aviation Group,AUH,AE,01/01/2020,31/12/2199,
3M,40,Silver Airways,Regional/Commuter,1,,FLL,US,01/01/2000,31/12/2199,
3N,41,Air Urga,Regional/Commuter,1,,KWG,UA,01/01/2000,31/12/2199,
3O,42,Air Arabia Maroc,Low Cost Carrier,1,Air Arabia Group,CMN,MA,29/04/2009,31/12/2199,
3Q,43,Royal Zambian Airlines,Regional/Commuter,1,,LUN,ZM,17/12/2020,31/12/2199,
3R,44,Divi Divi Air,Charter,1,,CUR,CW,01/01/2000,31/12/2199,
3R,45,Avior Regional,Regional/Commuter,1,,,VE,11/03/2015,31/12/2199,
3S,46,Air Antilles,Regional/Commuter,1,,PTP,GP,01/01/2000,31/12/2199,
3T,47,Tarco Aviation,Charter,1,,KRT,SD,01/01/2000,31/12/2199,
3U,48,Sichuan Airlines,Full Service Carrier,1,China Southern Air Holding Company,CTU,CN,01/01/2000,31/12/2199,
3W,49,Malawi Airlines,Full Service Carrier,1,,LLW,MW,15/01/2014,31/12/2199,
3X,50,Premier Trans Aire,Regional/Commuter,1,,HNL,US,01/01/2000,31/12/2199,
3Z,51,Smartwings Polska,Charter,1,Smartwings Group,WAW,PL,01/01/2000,31/12/2199,
4A,52,Atsa Airlines,Charter,1,,,PE,01/01/2000,31/12/2199,
4B,53,Boutique Air,Regional/Commuter,1,,SFO,US,01/01/2000,31/12/2199,
4C,54,Latam Airlines Colombia,Full Service Carrier,1,Latam Airlines Group S.A.,BOG,CO,01/01/2000,31/12/2199,
4F,55,Freedom Air Express,Low Cost Carrier,1,,WIL,KE,01/01/2000,31/12/2199,
4G,56,Gazpromavia,Charter,1,,,RU,01/01/2000,31/12/2199,
4H,57,Hi Air,Regional/Commuter,1,,GMP,KR,13/12/2019,31/12/2199,
4J,58,Flydamas,Full Service Carrier,1,,DAM,SY,01/01/2000,31/12/2199,
4J,59,Jetair Caribbean,Full Service Carrier,1,,CUR,CW,01/01/2000,31/12/2199,
4K,60,Askari Aviation,Charter,1,,,PK,01/01/2000,31/12/2199,
4K,61,Kenn Borek Air,Regional/Commuter,1,,YYC,CA,01/01/2000,31/12/2199,
4N,62,Air North,Regional/Commuter,1,,YXY,CA,01/01/2000,31/12/2199,
4P,63,Regional Sky,Charter,1,,AVP,US,01/01/2000,31/12/2199,
4R,64,Star East Airline,Charter,1,,BBU,RO,01/01/2000,31/12/2199,
4R,65,Renfe Viajeros,Other,1,,,ES,01/01/2000,31/12/2199,
4T,66,Transwest Air,Regional/Commuter,1,,YPA,CA,01/01/2000,31/12/2199,
4V,67,Fly Gangwon,Low Cost Carrier,1,,YNY,KR,22/11/2019,31/12/2199,
4W,68,Warbelow'S Air Ventures,Regional/Commuter,1,,FAI,US,01/01/2000,31/12/2199,
4Z,69,Airlink (South Africa),Regional/Commuter,1,,JNB,ZA,01/01/2000,31/12/2199,
5A,70,Alpine Aviation,Regional/Commuter,1,,PVU,US,01/01/2000,31/12/2199,
5B,71,Bassaka Air,Charter,1,,PNH,KH,01/01/2000,31/12/2199,
5D,72,Aeromexico Connect,Regional/Commuter,1,Aeromexico Group,MTY,MX,01/01/2000,31/12/2199,
5F,73,Alajnihah Airways,,1,,TIP,LY,01/01/2000,31/12/2199,
5F,74,Flyone,Full Service Carrier,1,,KIV,MD,10/06/2016,31/12/2199,
5G,75,Mayair,Regional/Commuter,0,,CUN,MX,01/01/2000,31/12/2199,
5H,76,Fly540,Low Cost Carrier,1,,NBO,KE,01/01/2000,31/12/2199,
5I,77,Alsa Grupo Slu,Other,1,,,ES,01/01/2000,31/12/2199,
5J,78,Cebu Pacific,Low Cost Carrier,1,Cebu Pacific Group,MNL,PH,01/01/2000,31/12/2199,
5K,79,Hi Fly,Charter,1,,LIS,PT,01/01/2000,31/12/2199,
5L,80,Transportes Aereos Costarricenses,Regional/Commuter,1,,,CR,01/01/2000,31/12/2199,
5M,81,Mediterranean Aviation Company Ltd,Other,1,,,MT,01/01/2000,31/12/2199,
5M,82,Flymontserrat,Regional/Commuter,1,,MNI,MS,01/01/2000,31/12/2199,
5N,83,Nordavia,Regional/Commuter,1,,ARH,RU,01/01/1963,31/12/2199,
5O,84,Asl Airlines France,Full Service Carrier,1,Asl Aviation Holdings,CDG,FR,01/01/2000,31/12/2199,
5Q,85,Holiday Europe,Charter,1,,SOF,BG,24/08/2019,31/12/2199,
5R,86,Rutaca,Full Service Carrier,1,,CBL,VE,01/01/2000,31/12/2199,
5S,87,Global Air Transport,Charter,1,,MJI,LY,01/01/2000,31/12/2199,
5S,88,Sap,Charter,1,,JBQ,DO,01/01/2000,31/12/2199,
5T,89,Canadian North,Regional/Commuter,1,,YZF,CA,01/01/2014,31/12/2199,
5U,90,Transportes Aereos Guatemaltecos,Full Service Carrier,1,,GUA,GT,01/01/2000,31/12/2199,
5W,91,Wizz Air Abu Dhabi,Low Cost Carrier,1,Wizz Air Group,AUH,AE,15/01/2021,31/12/2199,
5Z,92,Cemair,Charter,1,,JNB,ZA,01/01/2000,31/12/2199,
6A,93,Armenia Airways Cjsc,Full Service Carrier,1,,EVN,AM,01/06/2016,31/12/2199,
6B,94,Tuifly Nordic Ab,Charter,1,Tui Group,ARN,SE,01/01/2000,31/12/2199,
6D,95,Smartwings Slovakia,Charter,1,Smartwings Group,BTS,SK,01/01/2000,31/12/2199,
6E,96,Indigo,Low Cost Carrier,1,,DEL,IN,01/01/2000,31/12/2199,
6G,97,Go2Sky,Charter,1,,BTS,SK,01/01/2000,31/12/2199,
6H,98,Israir Airlines,Full Service Carrier,1,,,IL,01/01/2000,31/12/2199,
6I,99,Air Alsie,Charter,1,,SGD,DK,01/01/2000,31/12/2199,
6J,100,Solaseed Air,Low Cost Carrier,1,,HND,JP,03/07/1997,31/12/2199,
6L,101,Aklak,Regional/Commuter,1,,YEV,CA,01/01/2000,31/12/2199,
6N,102,Niger Airlines,Regional/Commuter,1,,NIM,NE,04/05/2014,31/12/2199,
6O,103,Orbest Portugal,Charter,1,BarcelÃ³ Grupo,LIS,PT,01/01/2000,31/12/2199,
6Q,104,Cham Wings Airlines,Full Service Carrier,1,,DAM,SY,01/01/2000,31/12/2199,
6R,105,Alrosa Mirny Air Enterprise,Regional/Commuter,1,,MJZ,RU,01/01/2000,31/12/2199,
6S,106,Saudigulf Airlines,Full Service Carrier,1,,DMM,SA,29/10/2016,31/12/2199,
6T,107,Longtail Aviation International,Charter,1,,,BM,01/01/2000,31/12/2199,
6V,108,Mars Rk,Charter,1,,IEV,UA,01/01/2001,31/12/2199,
6W,109,Flybosnia,Full Service Carrier,1,,SJJ,BA,03/06/2019,31/12/2199,
6X,110,Air Odisha,Charter,1,,BBI,IN,01/01/2011,31/12/2199,
6Y,111,Smartlynx Airlines,Charter,1,,RIX,LV,01/01/2000,31/12/2199,
7C,112,Jeju Air,Low Cost Carrier,1,,CJU,KR,01/01/2000,31/12/2199,
7E,113,Sylt Air,Regional/Commuter,1,,GWT,DE,01/01/2000,31/12/2199,
7F,114,First Air,Regional/Commuter,1,,YZF,CA,01/01/2000,31/12/2199,
7G,115,Starflyer,Full Service Carrier,1,,HND,JP,17/12/2002,31/12/2199,
7H,116,Ravn Alaska,Regional/Commuter,1,,ANC,US,01/01/2000,31/12/2199,
7I,117,Air Libya,Charter,1,,BEN,LY,01/01/2000,31/12/2199,
7J,118,Tajik Air,Full Service Carrier,1,,DYU,TJ,01/01/2000,31/12/2199,
7M,119,Map Linhas Aereas,Charter,1,,MAO,BR,01/01/2000,31/12/2199,
7N,120,Metrojets,Other,1,,,US,01/01/2000,31/12/2199,
7N,121,Pawa Dominicana,Regional/Commuter,1,,SDQ,DO,15/08/2015,31/12/2199,
7O,122,Smartwings Hungary,Charter,1,Smartwings Group,BUD,HU,01/01/2000,31/12/2199,
7P,123,Air Panama,Full Service Carrier,1,,PAC,PA,01/01/2000,31/12/2199,
7Q,124,Elite Airways,Charter,1,,MLB,US,01/01/2000,31/12/2199,
7R,125,Rusline,Regional/Commuter,1,,DME,RU,02/06/1997,31/12/2199,
7T,126,Trenitalia S.P.A.,Other,1,,,IT,01/01/2000,31/12/2199,
7U,127,Commercial Aviation Services, Llc,Other,1,,,US,01/01/2000,31/12/2199,
7V,128,Federal Airlines,Charter,1,,JNB,ZA,01/01/2000,31/12/2199,
7W,129,Windrose Airlines,Regional/Commuter,1,Ukrainian Aviation Group,KBP,UA,28/10/2003,31/12/2199,
7Y,130,Mann Yadanarpon Airlines,Regional/Commuter,1,,RGN,MM,01/05/2014,31/12/2199,
7Z,131,Ez Air,Regional/Commuter,1,,BON,AN,23/12/2018,31/12/2199,
8B,132,Transnusa Air Services,Low Cost Carrier,1,,KOE,ID,01/01/2000,31/12/2199,
8C,133,Ati - Air Transport International,Charter,1,Air Transport Services Group Inc (Atsg),ILN,US,01/01/2000,31/12/2199,
8D,134,Fits Aviation,Full Service Carrier,1,,CMB,LK,01/01/2000,31/12/2199,
8D,135,Servant Air,Regional/Commuter,1,,ADQ,US,01/01/2000,31/12/2199,
8E,136,Bering Air,Regional/Commuter,1,,OTZ,US,01/01/2000,31/12/2199,
8F,137,Stp Airways,Full Service Carrier,1,,TMS,ST,01/01/2000,31/12/2199,
8G,138,Fly Mid Africa,Full Service Carrier,1,,BJL,GM,01/01/2000,31/12/2199,
8H,139,Bh Air,Charter,1,,SOF,BG,01/01/2000,31/12/2199,
8J,140,Ecojet,Regional/Commuter,1,,CBB,BO,30/10/2013,31/12/2199,
8K,141,Evas Air,Regional/Commuter,1,,YQX,CA,01/01/2000,31/12/2199,
8L,142,Lucky Air,Low Cost Carrier,1,Hainan Airlines Group,KMG,CN,01/01/2000,31/12/2199,
8M,143,Myanmar Airways International,Full Service Carrier,1,,RGN,MM,01/01/2000,31/12/2199,
8N,144,Regional Air Services,Regional/Commuter,1,,ARK,TZ,01/01/2000,31/12/2199,
8O,145,West Coast Air,Regional/Commuter,1,,CXH,CA,01/01/2000,31/12/2199,
8P,146,Pacific Coastal Airlines,Regional/Commuter,1,,YVR,CA,01/01/2000,31/12/2199,
8R,147,Regourd Aviation (Dba Amelia),,1,,,FR,01/01/2000,31/12/2199,
8T,148,Air Tindi Ltd,Regional/Commuter,1,,YZF,CA,01/01/2000,31/12/2199,
8U,149,Afriqiyah Airways,Full Service Carrier,1,,TIP,LY,01/01/2000,31/12/2199,
8V,150,Wright Air Service,Regional/Commuter,1,,FAI,US,01/01/2000,31/12/2199,
8W,151,Fly All Ways,Regional/Commuter,1,,PBM,SR,10/01/2016,31/12/2199,
8Y,152,Pan Pacific Airlines,Full Service Carrier,1,,KLO,PH,27/04/2017,31/12/2199,
8Z,153,Congo Airways,Full Service Carrier,1,,FIH,CD,09/10/2015,31/12/2199,
9A,154,Gca Air,Full Service Carrier,1,,CLO,CO,29/11/2019,31/12/2199,
9B,155,Accesrail Inc.,Other,1,,,CA,01/01/2000,31/12/2199,
9C,156,Spring Airlines,Low Cost Carrier,1,,SHA,CN,18/07/2005,31/12/2199,
9D,157,Genghis Khan Airlines,Regional/Commuter,1,,HET,CN,26/07/2019,31/12/2199,
9E,158,Endeavor Air,Regional/Commuter,1,Delta Air Lines Inc.,MSP,US,01/01/2000,31/12/2199,
9F,159,Eurostar International,Other,1,,,GB,01/01/2000,31/12/2199,
9H,160,Air Changan,Full Service Carrier,1,Hainan Airlines Group,XIY,CN,01/01/2000,31/12/2199,
9I,161,Alliance Air,Regional/Commuter,1,Air India Limited,DEL,IN,15/04/1996,31/12/2199,
9J,162,Dana Air,Full Service Carrier,1,,LOS,NG,10/11/2008,31/12/2199,
9K,163,Cape Air,Regional/Commuter,1,,BOS,US,01/01/2000,31/12/2199,
9L,164,Airtanker Services Limited,Other,1,,,GB,01/01/2000,31/12/2199,
9M,165,Central Mountain Air,Regional/Commuter,1,,YVR,CA,01/01/2000,31/12/2199,
9N,166,Tropic Air,Regional/Commuter,1,,SPR,BZ,01/01/2000,31/12/2199,
9Q,167,Caicos Express Airways,Charter,1,,PLS,TC,01/01/2000,31/12/2199,
9R,168,Satena,Regional/Commuter,1,,BOG,CO,01/01/2000,31/12/2199,
9U,169,Air Moldova,Full Service Carrier,1,,KIV,MD,01/01/2000,31/12/2199,
9V,170,Avior Airlines,Full Service Carrier,1,,BLA,VE,01/01/2000,31/12/2199,
9X,171,Southern Airways Express,Regional/Commuter,1,,MEM,US,29/05/2013,31/12/2199,
9Y,172,National Airways,Charter,1,,ADD,ET,01/01/2000,31/12/2199,
A1,173,A.P.G. Distribution System,,1,,,FR,01/03/2020,31/12/2199,
A2,174,Anima Wings Aviation,Charter,1,Aegean Airlines Group,BBU,RO,18/07/2020,31/12/2199,
A3,175,Aegean Airlines,Full Service Carrier,1,Aegean Airlines Group,ATH,GR,01/01/2000,31/12/2199,
A4,176,Azimut Airlines,Regional/Commuter,1,,ROV,RU,21/09/2017,31/12/2199,
A5,177,Hop!,Full Service Carrier,1,Air France-Klm S.A.,LYS,FR,31/03/2013,31/12/2199,
A6,178,Air Travel,Full Service Carrier,1,,CSX,CN,21/05/2016,31/12/2199,
A7,179,Aereo Calafia,Regional/Commuter,1,,SJD,MX,01/01/2000,31/12/2199,
A8,180,Aerolink Uganda Ltd,Regional/Commuter,1,,,UG,01/01/2000,31/12/2199,
A9,181,Georgian Airways,Full Service Carrier,1,,TBS,GE,01/01/2000,31/12/2199,
AA,182,American Airlines,Full Service Carrier,1,American Airlines Group Inc.,DFW,US,15/04/1926,31/12/2199,
AC,183,Air Canada,Full Service Carrier,1,Air Canada Group,YYZ,CA,01/01/2000,31/12/2199,
AD,184,Azul,Low Cost Carrier,1,,VCP,BR,01/01/2000,31/12/2199,
AE,185,Mandarin Airlines,Full Service Carrier,1,China Airlines Group,RMQ,TW,01/06/1991,31/12/2199,
AF,186,Air France,Full Service Carrier,1,Air France-Klm S.A.,CDG,FR,01/01/2000,31/12/2199,
AG,187,Aruba Airlines,Full Service Carrier,1,,AUA,AW,01/01/2000,31/12/2199,
AH,188,Air Algerie,Full Service Carrier,1,,ALG,DZ,01/01/2000,31/12/2199,
AI,189,Air India,Full Service Carrier,1,Air India Limited,DEL,IN,01/01/2000,31/12/2199,
AJ,190,Aztec Airways,Charter,1,,FXE,US,01/01/2000,31/12/2199,
AK,191,Airasia,Low Cost Carrier,1,Capital A Berhad,KUL,MY,01/01/2000,31/12/2199,
AL,192,Malta Air,Low Cost Carrier,1,Ryanair Holdings Plc,MLA,MT,01/01/2000,31/12/2199,
AM,193,Aeromexico,Full Service Carrier,1,Aeromexico Group,MEX,MX,01/01/2000,31/12/2199,
AN,194,Advanced Air, Llc,Regional/Commuter,1,,HHR,US,01/01/2000,31/12/2199,
AO,195,Air Juan,Charter,1,,MNL,PH,01/01/2000,31/12/2199,
AP,196,Albastar,Charter,1,,PMI,ES,31/07/2010,31/12/2199,
AQ,197,9 Air,Low Cost Carrier,1,Juneyao Airlines Group,CAN,CN,02/12/2014,31/12/2199,
AR,198,Aerolineas Argentinas,Full Service Carrier,1,AerolÃ­neas Argentinas S.A.,AEP,AR,01/01/2000,31/12/2199,
AS,199,Alaska Airlines,Full Service Carrier,1,Alaska Air Group Inc.,SEA,US,01/01/2000,31/12/2199,
AT,200,Royal Air Maroc,Full Service Carrier,1,,CMN,MA,01/01/2000,31/12/2199,
AV,201,Avianca,Full Service Carrier,1,Avianca Group International Limited,BOG,CO,01/01/2000,31/12/2199,
AW,202,Africa World Airlines,Regional/Commuter,1,,ACC,GH,21/09/2012,31/12/2199,
AY,203,Finnair,Full Service Carrier,1,Finnair Group,HEL,FI,01/01/2000,31/12/2199,
B0,204,La Compagnie,Full Service Carrier,1,,CDG,FR,21/07/2014,31/12/2199,
B1,205,Air Bucharest,Charter,1,,OTP,RO,01/01/2000,31/12/2199,
B2,206,Belavia,Regional/Commuter,1,,MSQ,BY,05/03/1996,31/12/2199,
B3,207,Bhutan Airlines,Regional/Commuter,1,,PBH,BT,01/01/2000,31/12/2199,
B4,208,Zanair,Regional/Commuter,1,,ZNZ,TZ,01/01/2000,31/12/2199,
B5,209,Eastafrican,Regional/Commuter,1,,NBO,KE,01/01/2000,31/12/2199,
B6,210,Jetblue Airways,Low Cost Carrier,1,,JFK,US,11/02/2000,31/12/2199,
B7,211,Uni Air,Full Service Carrier,1,Evergreen Group,TSA,TW,01/01/2000,31/12/2199,
B8,212,Eritrean Airlines,Charter,1,,ASM,ER,01/01/2000,31/12/2199,
B9,213,Iran Air Tours,Full Service Carrier,1,,THR,IR,01/01/2000,31/12/2199,
BA,214,British Airways,Full Service Carrier,1,International Airlines Group (Iag),LHR,GB,25/08/1919,31/12/2199,
BB,215,Seaborne Airlines,Regional/Commuter,1,,SPB,VI,01/01/2000,31/12/2199,
BC,216,Skymark Airlines,Low Cost Carrier,1,Ana Holdings Inc,HND,JP,01/01/2000,31/12/2199,
BE,217,Flybe,Low Cost Carrier,1,,BHX,GB,01/01/1979,31/12/2199,
BF,218,French Bee,Low Cost Carrier,1,,ORY,FR,10/09/2016,31/12/2199,
BG,219,Biman Bangladesh Airlines,Full Service Carrier,1,,DAC,BD,01/01/2000,31/12/2199,
BI,220,Royal Brunei Airlines,Full Service Carrier,1,,BWN,BN,14/05/1975,31/12/2199,
BJ,221,Nouvelair Tunisie,Full Service Carrier,1,,MIR,TN,01/01/2000,31/12/2199,
BK,222,Okay Airways,Full Service Carrier,1,,TSN,CN,11/03/2005,31/12/2199,
BL,223,Pacific Airlines,Low Cost Carrier,1,Vietnam Airlines Corporation,SGN,VN,01/01/2000,31/12/2199,
BM,224,Medsky Airways,Full Service Carrier,1,,TIP,LY,01/01/2000,31/12/2199,
BP,225,Air Botswana,Full Service Carrier,1,,GBE,BW,01/01/2000,31/12/2199,
BR,226,Eva Air,Full Service Carrier,1,Evergreen Group,TPE,TW,01/01/2000,31/12/2199,
BS,227,British International,Other,1,,PZE,GB,01/01/2000,31/12/2199,
BS,228,Us-Bangla Airlines,Full Service Carrier,1,,DAC,BD,17/07/2014,31/12/2199,
BT,229,Airbaltic,Low Cost Carrier,1,,RIX,LV,01/01/2000,31/12/2199,
BU,230,Flycaa - Compagnie Africaine D'Aviation,Charter,1,,FIH,CD,01/01/2000,31/12/2199,
BV,231,Blue Panorama Airlines,Full Service Carrier,1,Blue Panorama Airlines S.P.A.,FCO,IT,01/01/2000,31/12/2199,
BW,232,Caribbean Airlines,Full Service Carrier,1,,POS,TT,01/01/2000,31/12/2199,
BX,233,Air Busan,Low Cost Carrier,1,Kumho Asiana Group,PUS,KR,01/01/2000,31/12/2199,
BY,234,Tui Airways Ltd,Charter,1,Tui Group,LTN,GB,01/01/2000,31/12/2199,
BZ,235,Bluebird Airways,Charter,1,,HER,GR,01/01/2000,31/12/2199,
C0,236,One Caribbean,Charter,1,,SVD,VC,01/01/2000,31/12/2199,
C2,237,Ceiba Intercontinental,Full Service Carrier,1,,SSG,GQ,01/01/2000,31/12/2199,
C3,238,Trade Air Ltd,Charter,1,,ZAG,HR,01/01/2000,31/12/2199,
C5,239,Commutair,Regional/Commuter,1,,IAD,US,01/01/2000,31/12/2199,
C7,240,Cinnamon Air,Regional/Commuter,1,,CMB,LK,04/07/2013,31/12/2199,
C8,241,Cronos Airlines,Regional/Commuter,1,,SSG,GQ,01/01/2000,31/12/2199,
C9,242,Alphaland Aviation, Inc,Charter,1,,,PH,01/01/2000,31/12/2199,
CA,243,Air China,Full Service Carrier,1,Air China Limited,PEK,CN,01/01/2000,31/12/2199,
CC,244,Cm Airlines,Regional/Commuter,1,,TGU,HN,01/01/2000,31/12/2199,
CD,245,Corendon Dutch Airlines,Charter,1,,AMS,NL,01/01/2000,31/12/2199,
CE,246,Chalair Aviation,Regional/Commuter,1,,ORY,FR,01/01/2000,31/12/2199,
CG,247,Png Air (Airlines Png),Regional/Commuter,1,,POM,PG,01/01/2000,31/12/2199,
CH,248,Bemidji Airlines,Charter,1,,BJI,US,01/01/2000,31/12/2199,
CI,249,China Airlines,Full Service Carrier,1,China Airlines Group,TPE,TW,16/12/1959,31/12/2199,
CJ,250,Ba Cityflyer,Regional/Commuter,1,International Airlines Group (Iag),LCY,GB,01/01/2000,31/12/2199,
CL,251,Lufthansa Cityline,Regional/Commuter,1,Deutsche Lufthansa Ag,CGN,DE,01/01/2000,31/12/2199,
CM,252,Copa Airlines,Full Service Carrier,1,Copa Holdings S.A.,PTY,PA,01/01/2000,31/12/2199,
CN,253,Grand China Air,Full Service Carrier,1,Hainan Airlines Group,PEK,CN,01/01/2000,31/12/2199,
CQ,254,Coastal Aviation,Charter,1,,DAR,TZ,01/01/2000,31/12/2199,
CS,255,Comlux Aruba Nv,Charter,1,,,AW,01/01/2000,31/12/2199,
CU,256,Cubana De Aviacion,Full Service Carrier,1,,HAV,CU,01/01/2000,31/12/2199,
CX,257,Cathay Pacific,Full Service Carrier,1,Cathay Pacific Group,HKG,HK,01/01/2000,31/12/2199,
CY,258,Charlie Airlines,Full Service Carrier,1,,LCA,CY,01/06/2017,31/12/2199,
CZ,259,China Southern Airlines,Full Service Carrier,1,China Southern Air Holding Company,CAN,CN,01/01/2000,31/12/2199,
D1,260,Air4 Passenger Service Systems,Other,1,,,US,01/01/2000,31/12/2199,
D2,261,Severstal Aircompany,Regional/Commuter,1,,CEE,RU,21/05/2002,31/12/2199,
D3,262,Daallo Airlines,Regional/Commuter,1,African Airways Alliance,JIB,DJ,20/03/1991,31/12/2199,
D4,263,Alidaunia,Charter,1,,FOG,IT,01/01/2000,31/12/2199,
D6,264,Servicios Aereos Geca S.A.,,1,,,DO,01/01/2000,31/12/2199,
D7,265,Airasia X,Low Cost Carrier,1,Airasia X Group,KUL,MY,01/01/2000,31/12/2199,
D8,266,Norwegian Air International,Low Cost Carrier,1,Norwegian Group,DUB,IE,03/04/2013,31/12/2199,
D9,267,Daallo Airlines(Somalia),Full Service Carrier,1,,,SO,01/01/2000,31/12/2199,
DB,268,Maleth-Aero,Charter,1,,MLA,MT,01/01/2000,31/12/2199,
DD,269,Nok Air,Low Cost Carrier,1,Thai Airways Group,DMK,TH,01/01/2000,31/12/2199,
DE,270,Condor Flugdienst,Full Service Carrier,1,,FRA,DE,01/01/2000,31/12/2199,
DG,271,Cebgo,Low Cost Carrier,1,Cebu Pacific Group,MNL,PH,01/01/2000,31/12/2199,
DH,272,Norwegian Air Norway As,Low Cost Carrier,1,,,NO,01/01/2000,31/12/2199,
DH,273,Douniah Airlines,Regional/Commuter,1,,BKO,ML,01/01/2000,31/12/2199,
DK,274,Sunclass Airlines,Charter,1,,CPH,DK,01/01/2000,31/12/2199,
DL,275,Delta Air Lines,Full Service Carrier,1,Delta Air Lines Inc.,ATL,US,01/01/2000,31/12/2199,
DN,276,Air Deccan,Low Cost Carrier,1,,BLR,IN,23/12/2017,31/12/2199,
DO,277,Sky High Aviation Services,Regional/Commuter,1,,SDQ,DO,01/01/2000,31/12/2199,
DP,278,Pobeda,Low Cost Carrier,1,Aeroflot Group,VKO,RU,01/12/2014,31/12/2199,
DQ,279,Alexandria Airlines,Charter,1,,CAI,EG,01/01/2000,31/12/2199,
DR,280,Ruili Airlines,Full Service Carrier,1,,KMG,CN,18/05/2014,31/12/2199,
DS,281,Easyjet Switzerland,Low Cost Carrier,1,Easyjet Plc,GVA,CH,01/01/2000,31/12/2199,
DT,282,Taag,Full Service Carrier,1,,LAD,AO,01/01/2000,31/12/2199,
DV,283,Nantucket Airlines,Regional/Commuter,1,,ACK,US,01/01/2000,31/12/2199,
DV,284,Scat Airlines,Full Service Carrier,1,,CIT,KZ,01/01/2000,31/12/2199,
DW,285,Flycana,Low Cost Carrier,1,,SDQ,DO,01/01/2000,31/12/2199,
DX,286,Dat,Regional/Commuter,1,,EBJ,DK,01/01/2000,31/12/2199,
DY,287,Norwegian Air Shuttle Asa,Low Cost Carrier,1,Norwegian Group,OSL,NO,01/01/2000,31/12/2199,
DZ,288,Donghai Airlines,Full Service Carrier,1,,SZX,CN,01/01/2000,31/12/2199,
E2,289,Eurowings Europe,Low Cost Carrier,1,Deutsche Lufthansa Ag,VIE,AT,23/06/2016,31/12/2199,
E4,290,Enter Air,Charter,1,,WAW,PL,01/01/2000,31/12/2199,
E5,291,Air Arabia Egypt,Low Cost Carrier,1,Air Arabia Group,HBE,EG,22/05/2010,31/12/2199,
E7,292,Equaflight,Regional/Commuter,1,,PNR,CG,01/01/2000,31/12/2199,
E8,293,Tayaran Jet,Charter,1,,,BG,01/01/2000,31/12/2199,
E9,294,Evelop Airlines,Charter,1,BarcelÃ³ Grupo,MAD,ES,01/01/2000,31/12/2199,
EB,295,Wamos Air,Charter,1,,MAD,ES,01/01/2000,31/12/2199,
EC,296,Easyjet Europe,Low Cost Carrier,1,Easyjet Plc,VIE,AT,20/07/2017,31/12/2199,
ED,297,Airexplore,Charter,1,,BTS,SK,01/01/2000,31/12/2199,
EE,298,Regional Jet OÃ¼,Regional/Commuter,1,,TLL,EE,01/01/2000,31/12/2199,
EF,299,Aerolinea Del Caribe - Peru S.A.C.,Charter,1,,LIM,PE,01/01/2000,31/12/2199,
EH,300,Ana Wings,Regional/Commuter,1,Ana Holdings Inc.,HND,JP,01/01/2000,31/12/2199,
EI,301,Aer Lingus,Full Service Carrier,1,International Airlines Group (Iag),DUB,IE,01/01/2000,31/12/2199,
EJ,302,New England Airlines,Regional/Commuter,1,,WST,US,01/01/1970,31/12/2199,
EK,303,Emirates Airline,Full Service Carrier,1,Emirates Group,DXB,AE,01/01/2000,31/12/2199,
EL,304,Ellinair,Full Service Carrier,1,,SKG,GR,01/01/2000,31/12/2199,
EM,305,Empire Airlines,Other,1,,,US,01/01/2000,31/12/2199,
EN,306,Air Dolomiti,Regional/Commuter,1,Deutsche Lufthansa Ag,VRN,IT,01/01/2000,31/12/2199,
EO,307,Pegas Fly (Ikar Airlines),Charter,1,,KJA,RU,01/01/2000,31/12/2199,
EP,308,Iran Aseman Airlines,Regional/Commuter,1,,THR,IR,01/01/2000,31/12/2199,
ER,309,Sereneair,Full Service Carrier,1,,,PK,29/01/2017,31/12/2199,
ES,310,Estelar,Full Service Carrier,1,,CCS,VE,01/01/2000,31/12/2199,
ET,311,Emetebe,Charter,1,,GYE,EC,01/01/2000,31/12/2199,
ET,312,Ethiopian Airlines,Full Service Carrier,1,Ethiopian Airlines Group,ADD,ET,08/04/1946,31/12/2199,
EU,313,Chengdu Airlines,Full Service Carrier,1,China Southern Air Holding Company,CTU,CN,01/01/2000,31/12/2199,
EV,314,Expressjet Airlines, Inc.,Regional/Commuter,1,United Airlines Holdings Inc.,ATL,US,01/01/2000,31/12/2199,
EW,315,Eurowings,Low Cost Carrier,1,Deutsche Lufthansa Ag,DUS,DE,01/01/2000,31/12/2199,
EX,316,Regional Express Americas,Regional/Commuter,1,Avianca Group International Limited,BOG,CO,01/03/2019,31/12/2199,
EY,317,Etihad Airways,Full Service Carrier,1,Etihad Aviation Group,AUH,AE,01/01/2000,31/12/2199,
EZ,318,Sun-Air Of Scandinavia,Charter,1,International Airlines Group (Iag),BLL,DK,01/01/2000,31/12/2199,
F0,319,Fly Jordan,Charter,1,,AMM,JO,09/01/2016,31/12/2199,
F2,320,Safarilink,Regional/Commuter,1,,WIL,KE,01/01/2000,31/12/2199,
F3,321,Flyadeal,Low Cost Carrier,1,Saudia Group,JED,SA,23/09/2017,31/12/2199,
F4,322,Air Flamenco,Regional/Commuter,1,,CPX,PR,01/01/2000,31/12/2199,
F6,323,Buzz Aero,Charter,1,,OTP,RO,01/01/2000,31/12/2199,
F7,324,I-Fly,Charter,1,,VKO,RU,01/01/2000,31/12/2199,
F8,325,Flair Airlines,Low Cost Carrier,1,,YEG,CA,01/01/2000,31/12/2199,
F9,326,Frontier Airlines,Low Cost Carrier,1,Indigo Partners,DEN,US,01/01/2000,31/12/2199,
FA,327,Flysafair,Low Cost Carrier,0,,JNB,ZA,15/10/2014,31/12/2199,
FB,328,Bulgaria Air,Full Service Carrier,1,,SOF,BG,01/01/2000,31/12/2199,
FC,329,Link Airways,Regional/Commuter,1,,BNE,AU,01/01/2000,31/12/2199,
FD,330,Thai Airasia,Low Cost Carrier,1,Capital A Berhad,DMK,TH,01/01/2000,31/12/2199,
FE,331,Seven Four Eight Air Services,,1,,WIL,KE,01/01/1994,31/12/2199,
FG,332,Ariana Afghan Airlines,Full Service Carrier,1,,KBL,AF,01/01/2000,31/12/2199,
FH,333,Freebird Airlines,Charter,1,,ISL,TR,01/01/2000,31/12/2199,
FI,334,Icelandair,Full Service Carrier,1,Icelandair Group,KEF,IS,01/01/2000,31/12/2199,
FJ,335,Fiji Airways,Full Service Carrier,1,Fiji Airways Group,NAN,FJ,01/01/2000,31/12/2199,
FK,336,Keewatin Air,Regional/Commuter,1,,YWG,CA,01/01/2000,31/12/2199,
FL,337,Air Leap,Regional/Commuter,1,,ARN,NO,01/01/2000,31/12/2199,
FM,338,Shanghai Airlines,Full Service Carrier,1,China Eastern Air Holding Company,SHA,CN,01/01/2000,31/12/2199,
FN,339,Fastjet Zimbabwe,Low Cost Carrier,1,,HRE,ZW,28/10/2015,31/12/2199,
FO,340,Flybondi,Low Cost Carrier,1,,COR,AR,01/01/2014,31/12/2199,
FP,341,Flypelican,Regional/Commuter,1,,NTL,AU,01/01/2000,31/12/2199,
FR,342,Ryanair,Low Cost Carrier,1,Ryanair Holdings Plc,STN,IE,08/07/1985,31/12/2199,
FS,343,Flyglobal,Charter,1,,KUL,MY,01/01/2000,31/12/2199,
FT,344,Flyegypt,Low Cost Carrier,1,,CAI,EG,01/01/2000,31/12/2199,
FU,345,Fuzhou Airlines,Full Service Carrier,1,Hainan Airlines Group,FOC,CN,30/10/2014,31/12/2199,
FV,346,Rossiya - Russian Airlines,Full Service Carrier,1,Aeroflot Group,LED,RU,24/08/1994,31/12/2199,
FW,347,Ibex Airlines,Regional/Commuter,1,,SDJ,JP,01/01/2000,31/12/2199,
FW,348,Solenta Aviation Mozambique,Charter,1,,MPM,MZ,01/01/2000,31/12/2199,
FY,349,Firefly,Regional/Commuter,1,Malaysia Airlines Berhad,SZB,MY,01/01/2000,31/12/2199,
FZ,350,Flydubai,Low Cost Carrier,1,,DXB,AE,01/06/2009,31/12/2199,
G0,351,Albatros Airlines,Charter,1,,CCS,VE,01/01/2000,31/12/2199,
G2,352,Galeyr Airline,Regional/Commuter,1,,MGQ,SO,01/01/2000,31/12/2199,
G3,353,Gol,Low Cost Carrier,1,,CGH,BR,15/01/2001,31/12/2199,
G4,354,Allegiant Air,Low Cost Carrier,1,,LAS,US,01/01/2000,31/12/2199,
G5,355,China Express Airlines,Regional/Commuter,1,,CKG,CN,01/01/2000,31/12/2199,
G7,356,Gojet Airlines,Regional/Commuter,1,Trans States Holdings, Inc.,STL,US,01/01/2000,31/12/2199,
G8,357,Go First,Low Cost Carrier,1,,DEL,IN,01/01/2000,31/12/2199,
G9,358,Air Arabia,Low Cost Carrier,1,Air Arabia Group,SHJ,AE,01/01/2000,31/12/2199,
GA,359,Garuda Indonesia,Full Service Carrier,1,Garuda Indonesia Group,CGK,ID,01/01/2000,31/12/2199,
GD,360,Aviair,Regional/Commuter,1,,KNX,AU,01/01/2000,31/12/2199,
GE,361,Global Aviation Operations,Charter,1,,JNB,ZA,01/01/2000,31/12/2199,
GF,362,Gulf Air,Full Service Carrier,1,,BAH,BH,01/01/2000,31/12/2199,
GJ,363,Loong Air,Full Service Carrier,1,,HGH,CN,09/08/2012,31/12/2199,
GK,364,Jetstar Japan,Low Cost Carrier,1,Japan Airlines Co., Ltd.,NRT,JP,01/01/2000,31/12/2199,
GL,365,Air Greenland,Regional/Commuter,1,,SFJ,GL,01/01/2000,31/12/2199,
GM,366,Chair Airlines Ag,Full Service Carrier,1,,ZRH,CH,26/03/2015,31/12/2199,
GP,367,Apg Airlines,Charter,1,,TLS,FR,01/01/2000,31/12/2199,
GQ,368,Sky Express,Regional/Commuter,1,,HER,GR,01/01/2000,31/12/2199,
GR,369,Aurigny Air Services,Regional/Commuter,1,,GCI,GG,01/01/1968,31/12/2199,
GS,370,Tianjin Airlines,Full Service Carrier,1,Hainan Airlines Group,TSN,CN,01/01/2000,31/12/2199,
GT,371,Air Guilin,Low Cost Carrier,1,Hainan Airlines Group,KWL,CN,25/06/2016,31/12/2199,
GU,372,Avianca Guatemala,Regional/Commuter,1,Avianca Group International Limited,GUA,GT,01/01/2000,31/12/2199,
GV,373,Grant Aviation,Regional/Commuter,1,,ANC,US,01/01/2000,31/12/2199,
GW,374,Getjet Airlines,Charter,1,,VNO,LT,01/05/2016,31/12/2199,
GX,375,Guangxi Beibu Gulf Airlines,Full Service Carrier,1,Hainan Airlines Group,NNG,CN,16/02/2015,31/12/2199,
GY,376,Colorful Guizhou Airlines (Duocai Guizhou Airlines),Low Cost Carrier,1,,KWE,CN,31/12/2015,31/12/2199,
GZ,377,Air Rarotonga,Regional/Commuter,1,,RAR,CK,01/01/2000,31/12/2199,
H1,378,Hahn Air Systems,Other,1,,,DE,01/01/2000,31/12/2199,
H2,379,Sky Airline (Chile),Low Cost Carrier,1,,SCL,CL,01/01/2000,31/12/2199,
H4,380,Hisky Europe Srl,Charter,1,,,RO,01/01/2000,31/12/2199,
H5,381,Haiti Aviation,Full Service Carrier,1,,PAP,HT,01/01/2000,31/12/2199,
H6,382,Ravn Connect,Regional/Commuter,1,,ANC,US,06/04/2020,31/12/2199,
H7,383,Eagle Air (Uganda),Regional/Commuter,1,,RUA,UG,01/01/2000,31/12/2199,
H8,384,Sky Peru,Low Cost Carrier,1,,LIM,PE,08/04/2019,31/12/2199,
H9,385,Himalaya Airlines,Full Service Carrier,1,,KTM,NP,12/04/2016,31/12/2199,
HA,386,Hawaiian Airlines,Full Service Carrier,1,,HNL,US,01/01/2000,31/12/2199,
HC,387,Air Senegal,Full Service Carrier,1,,DSS,SN,30/04/2018,31/12/2199,
HD,388,Air Do,Full Service Carrier,1,,CTS,JP,01/01/2000,31/12/2199,
HF,389,Air CÃ´te Dâ€™Ivoire,Full Service Carrier,1,,ABJ,CI,01/01/2000,31/12/2199,
HG,390,Hibernian Airlines,Charter,1,,VLC,ES,01/01/2000,31/12/2199,
HH,391,Taban Air,Full Service Carrier,1,,MHD,IR,01/01/2000,31/12/2199,
HI,392,Papillon Grand Canyon Helicopters,General Aviation,1,,GCW,US,01/01/2000,31/12/2199,
HK,393,Skippers Aviation,Regional/Commuter,1,,PER,AU,01/01/2000,31/12/2199,
HM,394,Air Seychelles,Full Service Carrier,1,Etihad Aviation Group,SEZ,SC,01/01/2000,31/12/2199,
HO,395,Juneyao Air,Full Service Carrier,1,Juneyao Airlines Group,SHA,CN,25/09/2006,31/12/2199,
HP,396,Amapola Flyg,Regional/Commuter,1,,ARN,SE,01/01/2000,31/12/2199,
HQ,397,Sino-Lac Airlines,Charter,1,,ZUH,CN,01/01/2000,31/12/2199,
HR,398,Hahn Air Lines,Charter,1,,DUS,DE,01/01/2000,31/12/2199,
HT,399,Air Horizont,Charter,1,,ZAZ,ES,01/01/2000,31/12/2199,
HU,400,Hainan Airlines,Full Service Carrier,1,Hainan Airlines Group,HAK,CN,01/01/2000,31/12/2199,
HV,401,Transavia,Low Cost Carrier,1,Air France-Klm S.A.,AMS,NL,01/01/2000,31/12/2199,
HW,402,North-Wright Airways,Regional/Commuter,1,,YVQ,CA,01/01/2000,31/12/2199,
HX,403,Hong Kong Airlines,Full Service Carrier,1,Hainan Airlines Group,HKG,HK,01/01/2000,31/12/2199,
HY,404,Helity,Other,1,,,ES,01/01/2000,31/12/2199,
HY,405,Uzbekistan Airways,Full Service Carrier,1,,TAS,UZ,01/01/2000,31/12/2199,
HZ,406,Aurora,Full Service Carrier,1,Aeroflot Group,UUS,RU,08/12/2013,31/12/2199,
I2,407,Iberia Express,Low Cost Carrier,1,International Airlines Group (Iag),MAD,ES,25/03/2012,31/12/2199,
I3,408,Ata Airlines (Iran),Full Service Carrier,1,,TBZ,IR,01/01/2000,31/12/2199,
I4,409,Island Air Express,Regional/Commuter,1,,CGA,US,01/01/2000,31/12/2199,
I5,410,Airasia India,Low Cost Carrier,1,Capital A Berhad,BLR,IN,12/06/2014,31/12/2199,
I6,411,Air Indus,Full Service Carrier,1,,KHI,PK,01/01/2000,31/12/2199,
I7,412,Int Air Iles,,1,,AJN,KM,01/01/2007,31/12/2199,
I8,413,Izhavia,Full Service Carrier,1,,IJK,RU,01/01/2000,31/12/2199,
IA,414,Iraqi Airways,Full Service Carrier,1,,BGW,IQ,01/01/2000,31/12/2199,
IB,415,Iberia,Full Service Carrier,1,International Airlines Group (Iag),MAD,ES,14/12/1927,31/12/2199,
ID,416,Batik Air,Full Service Carrier,1,Lion Group,MDC,ID,01/01/2000,31/12/2199,
IE,417,Solomon Airlines,Full Service Carrier,1,,HIR,SB,01/01/2000,31/12/2199,
IF,418,Fly Baghdad,Full Service Carrier,1,,BGW,IQ,01/01/2000,31/12/2199,
IH,419,Southern Sky Airlines,Regional/Commuter,1,,DMB,KZ,07/12/2014,31/12/2199,
IJ,420,Spring Airlines Japan,Low Cost Carrier,1,Japan Airlines Co., Ltd.,NRT,JP,01/08/2014,31/12/2199,
IK,421,Air Kiribati,Regional/Commuter,1,,TRW,KI,01/04/1995,31/12/2199,
IL,422,Trigana Air,Regional/Commuter,1,,HLP,ID,01/01/2000,31/12/2199,
IN,423,Nam Air,Full Service Carrier,1,Sriwijaya Group,CGK,ID,10/12/2013,31/12/2199,
IO,424,Iraero,Full Service Carrier,1,,IKT,RU,01/01/2000,31/12/2199,
IQ,425,Qazaq Air,Regional/Commuter,1,,NQZ,KZ,28/08/2015,31/12/2199,
IR,426,Iran Air,Full Service Carrier,1,,THR,IR,01/01/2000,31/12/2199,
IS,427,Sepehran Airlines,Full Service Carrier,1,,SYZ,IR,31/01/2017,31/12/2199,
IT,428,Tigerair Taiwan,Low Cost Carrier,1,China Airlines Group,TPE,TW,26/09/2014,31/12/2199,
IV,429,Gp Aviation Ltd,Charter,1,,SOF,BG,01/01/2000,31/12/2199,
IV,430,Vvb Aviation Malta,Charter,1,,MLA,MT,01/01/2000,31/12/2199,
IW,431,Wings Air,Low Cost Carrier,1,Lion Group,SUB,ID,01/01/2000,31/12/2199,
IX,432,Air India Express,Low Cost Carrier,1,Air India Limited,CCJ,IN,01/01/2000,31/12/2199,
IY,433,Yemenia,Full Service Carrier,1,,SAH,YE,01/01/2000,31/12/2199,
IZ,434,Arkia Israeli Airlines,Full Service Carrier,1,,TLV,IL,01/01/2000,31/12/2199,
J0,435,Jam Air Express,Regional/Commuter,1,,,JM,01/01/2000,31/12/2199,
J2,436,Azerbaijan Airlines Azal,Full Service Carrier,1,Cjsc Azerbaijan Airlines (Group Profile),GYD,AZ,01/01/2000,31/12/2199,
J3,437,Northwestern Airlease,Regional/Commuter,1,,YSM,CA,01/01/2000,31/12/2199,
J4,438,Badr Airlines,Charter,1,,KRT,SD,01/01/2000,31/12/2199,
J5,439,Alaska Seaplane,Full Service Carrier,1,,JNU,US,01/01/2000,31/12/2199,
J6,440,Seawings,Charter,1,,,AE,01/01/2000,31/12/2199,
J7,441,Afrijet Business Service,Charter,1,,LBV,GA,01/01/2000,31/12/2199,
J8,442,Berjaya Air,Regional/Commuter,1,,SZB,MY,01/01/2000,31/12/2199,
J9,443,Jazeera Airways,Low Cost Carrier,1,,KWI,KW,01/01/2000,31/12/2199,
JA,444,Jetsmart (Chile),Low Cost Carrier,1,Indigo Partners,SCL,CL,25/07/2017,31/12/2199,
JB,445,Helijet International,Charter,1,,YVR,CA,01/01/2000,31/12/2199,
JC,446,Japan Air Commuter,Regional/Commuter,1,Japan Airlines Co., Ltd.,KOJ,JP,01/01/2000,31/12/2199,
JD,447,Beijing Capital Airlines,Low Cost Carrier,1,Hainan Airlines Group,PKX,CN,01/01/2000,31/12/2199,
JE,448,Mango,Low Cost Carrier,1,South African Airways Group,CPT,ZA,15/11/2006,31/12/2199,
JH,449,Fuji Dream Airlines,Regional/Commuter,1,,FUK,JP,01/01/2000,31/12/2199,
JI,450,Meraj Air,Full Service Carrier,1,,IKA,IR,01/01/2000,31/12/2199,
JJ,451,Latam Airlines Brasil,Full Service Carrier,1,Latam Airlines Group S.A.,GRU,BR,01/01/2000,31/12/2199,
JK,452,Aercaribe,Charter,1,,BOG,CO,01/01/2000,31/12/2199,
JL,453,Japan Airlines,Full Service Carrier,1,Japan Airlines Co.Ltd.,HND,JP,01/01/2000,31/12/2199,
JM,454,Jambojet,Low Cost Carrier,1,Kenya Airways Group,NBO,KE,01/04/2014,31/12/2199,
JN,455,Alaska Air Transit,Charter,1,,MRI,US,01/01/2000,31/12/2199,
JO,456,Jasmin Airways,Charter,1,,NBE,TN,01/01/2000,31/12/2199,
JO,457,Jonika Airlines,Full Service Carrier,1,,IEV,UA,01/01/2000,31/12/2199,
JQ,458,Jetstar Airways,Low Cost Carrier,1,Jetstar Group,MEL,AU,25/05/2004,31/12/2199,
JR,459,Joy Air,Regional/Commuter,1,,XIY,CN,01/01/2000,31/12/2199,
JS,460,Air Koryo,Regional/Commuter,1,,FNJ,KP,01/01/2000,31/12/2199,
JT,461,Lion Air,Low Cost Carrier,1,Lion Group,CGK,ID,01/01/2000,31/12/2199,
JU,462,Air Serbia,Full Service Carrier,1,Etihad Aviation Group,BEG,RS,01/01/2000,31/12/2199,
JV,463,Bearskin Airlines,Regional/Commuter,1,,YSB,CA,01/01/2000,31/12/2199,
JX,464,Starlux Airlines,Full Service Carrier,1,,TPE,TW,23/01/2020,31/12/2199,
JX,465,Dac Aviation,,1,,WIL,KE,01/01/2010,31/12/2199,
JY,466,Intercaribbean Airways,Regional/Commuter,1,,PLS,TC,01/01/2000,31/12/2199,
K2,467,Airlift Alaska,Charter,1,,KDK,US,01/01/2000,31/12/2199,
K3,468,Safe Air Company,Charter,1,,WIL,KE,01/01/2000,31/12/2199,
K3,469,Taquan Air,Regional/Commuter,1,,KTN,US,01/01/2000,31/12/2199,
K4,470,Als Limited,Charter,1,,WIL,KE,01/01/2000,31/12/2199,
K6,471,Cambodia Angkor Air,Full Service Carrier,1,,PNH,KH,01/01/2000,31/12/2199,
K7,472,Air Kbz,Regional/Commuter,1,,RGN,MM,01/01/2000,31/12/2199,
K9,473,Kalitta Charters,Charter,1,,YIP,US,01/01/2000,31/12/2199,
KB,474,Druk Air,Full Service Carrier,1,,PBH,BT,01/01/2000,31/12/2199,
KB,475,Kostroma Air,Charter,1,,KMW,RU,01/01/2000,31/12/2199,
KC,476,Air Astana,Full Service Carrier,1,Air Astana Group,ALA,KZ,15/05/2002,31/12/2199,
KE,477,Korean Air,Full Service Carrier,1,Korean Air Group,ICN,KR,01/03/1969,31/12/2199,
KF,478,Air Belgium,Full Service Carrier,1,,CRL,BE,01/05/2018,31/12/2199,
KG,479,Key Lime Air,Charter,1,,APA,US,01/01/2000,31/12/2199,
KI,480,Kaiser Air,,1,,OAK,US,01/01/2000,31/12/2199,
KV,481,Krasavia,Regional/Commuter,1,,KJA,RU,01/10/2022,31/12/2199,
KL,482,Klm Royal Dutch Airlines,Full Service Carrier,1,Air France-Klm S.A.,AMS,NL,07/10/1919,31/12/2199,
KM,483,Air Malta,Full Service Carrier,1,,MLA,MT,01/01/2000,31/12/2199,
KN,484,China United Airlines,Low Cost Carrier,1,China Eastern Air Holding Company,PKX,CN,26/12/1986,31/12/2199,
KO,485,Alaska Central Express,Charter,1,,ANC,US,01/01/2000,31/12/2199,
KP,486,Asky Airlines,Full Service Carrier,1,Ethiopian Airlines Group,LFW,TG,01/01/2000,31/12/2199,
KQ,487,Kenya Airways,Full Service Carrier,1,Kenya Airways Group,NBO,KE,01/01/2000,31/12/2199,
KR,488,Cambodia Airways,Full Service Carrier,1,,PNH,KH,10/07/2018,31/12/2199,
KT,489,Mahogany Air,Regional/Commuter,1,,LUN,ZM,01/03/2014,31/12/2199,
KU,490,Kuwait Airways,Full Service Carrier,1,,KWI,KW,01/01/2000,31/12/2199,
KW,491,Korea Express Air,Charter,1,,YNY,KR,01/01/2000,31/12/2199,
KX,492,Cayman Airways,Full Service Carrier,1,,GCM,KY,01/01/2000,31/12/2199,
KY,493,Kunming Airlines,Full Service Carrier,1,Air China Limited,KMG,CN,15/02/2009,31/12/2199,
L0,494,Reliant Air Charter,Charter,1,,DXR,US,01/01/2000,31/12/2199,
L4,495,Lauda Air Italy,Charter,1,,MXP,IT,01/01/2000,31/12/2199,
L5,496,Lufttransport,General Aviation,0,,VRY,NO,01/01/2000,31/12/2199,
L5,497,Red Air Srl,Charter,0,,,DO,01/01/2000,31/12/2199,
L6,498,Mauritania Airlines,Full Service Carrier,1,,NKC,MR,01/01/2000,31/12/2199,
L6,499,Tbilaviamsheni Georgia,Charter,1,,TBS,GE,01/01/2000,31/12/2199,
L8,500,Lynden Air Cargo Png,Charter,1,,LAE,PG,01/01/2000,31/12/2199,
L8,501,Lulutai Airlines,Regional/Commuter,1,,TBU,TO,24/09/2020,31/12/2199,
L9,502,Bristow U.S. Llc,Other,1,,,US,01/01/2000,31/12/2199,
L9,503,Lumiwings,Full Service Carrier,1,,ATH,GR,01/05/2018,31/12/2199,
LA,504,Latam Airlines,Full Service Carrier,1,Latam Airlines Group S.A.,SCL,CL,01/01/2000,31/12/2199,
LB,505,Bul Air,Charter,1,,SOF,BG,01/01/2000,31/12/2199,
LC,506,Skyway Costa Rica,Full Service Carrier,1,,SJO,CR,22/10/2018,31/12/2199,
LE,507,Norwegian Air Sweden,Low Cost Carrier,1,Norwegian Group,ARN,SE,01/01/2000,31/12/2199,
LF,508,Contour Airlines,Regional/Commuter,1,,BNA,US,01/12/2015,31/12/2199,
LG,509,Luxair,Regional/Commuter,1,,LUX,LU,01/01/2000,31/12/2199,
LH,510,Lufthansa,Full Service Carrier,1,Deutsche Lufthansa Ag,FRA,DE,01/01/2000,31/12/2199,
LI,511,Liat,Regional/Commuter,1,,ANU,AG,01/01/2000,31/12/2199,
LJ,512,Jin Air,Low Cost Carrier,1,Korean Air Group,ICN,KR,01/01/2000,31/12/2199,
LK,513,Lao Skyway,Regional/Commuter,1,,VTE,LA,01/01/2000,31/12/2199,
LL,514,Miami Air International,Charter,1,,MIA,US,01/01/2000,31/12/2199,
LM,515,Loganair,Regional/Commuter,1,Airline Investments Limited,GLA,GB,01/01/2000,31/12/2199,
LN,516,Libyan Airlines,Full Service Carrier,1,,TIP,LY,01/01/2000,31/12/2199,
LO,517,Lot Polish Airlines,Full Service Carrier,1,Polish Aviation Group,WAW,PL,01/01/1929,31/12/2199,
LP,518,Latam Airlines Peru,Full Service Carrier,1,Latam Airlines Group S.A.,LIM,PE,01/01/2000,31/12/2199,
LQ,519,Lanmei Airlines,Low Cost Carrier,1,,PNH,KH,01/09/2017,31/12/2199,
LR,520,Avianca Costa Rica,Full Service Carrier,1,Avianca Group International Limited,SJO,CR,01/01/2000,31/12/2199,
LS,521,Jet2.Com,Low Cost Carrier,1,,LBA,GB,01/01/2000,31/12/2199,
LT,522,Longjiang Airlines,Full Service Carrier,1,,HRB,CN,10/02/2017,31/12/2199,
LU,523,Latam Airlines Chile,Regional/Commuter,1,Latam Airlines Group S.A.,SCL,CL,01/01/2000,31/12/2199,
LV,524,Level France,Low Cost Carrier,1,International Airlines Group (Iag),ORY,FR,02/09/2018,31/12/2199,
LW,525,Lauda Europe,Low Cost Carrier,1,Ryanair Holdings Plc,MLA,MT,14/09/2020,31/12/2199,
LX,526,Swiss,Full Service Carrier,1,Deutsche Lufthansa Ag,ZRH,CH,01/01/2000,31/12/2199,
LY,527,El Al Israel Airlines,Full Service Carrier,1,El Al Group,TLV,IL,01/01/2000,31/12/2199,
M0,528,Aero Mongolia,Full Service Carrier,1,,UBN,MN,01/01/2000,31/12/2199,
M2,529,Mhs Aviation,Charter,1,,MHG,DE,01/01/2000,31/12/2199,
M5,530,Kenmore Air,Regional/Commuter,1,,BFI,US,01/01/2000,31/12/2199,
M8,531,Skyjet Airlines,Full Service Carrier,1,,MNL,PH,01/01/2000,31/12/2199,
M8,532,Trans Maldivian Airways,Regional/Commuter,1,,MLE,MV,01/01/2000,31/12/2199,
M9,533,Motor Sich Airlines,Charter,1,,OZH,UA,01/01/2000,31/12/2199,
MD,534,Air Madagascar,Full Service Carrier,1,,TNR,MG,15/12/1961,31/12/2199,
ME,535,Middle East Airlines,Full Service Carrier,1,,BEY,LB,01/01/2000,31/12/2199,
MF,536,Xiamen Airlines,Full Service Carrier,1,China Southern Air Holding Company,XMN,CN,01/01/2000,31/12/2199,
MG,537,Eznis Airways,Regional/Commuter,1,,ULN,MN,01/01/2000,31/12/2199,
MH,538,Malaysia Airlines,Full Service Carrier,1,Malaysia Airlines Berhad,KUL,MY,01/01/2000,31/12/2199,
MJ,539,Myway Airlines,Full Service Carrier,1,,TBS,GE,13/06/2018,31/12/2199,
MK,540,Air Mauritius,Full Service Carrier,1,,MRU,MU,14/06/1967,31/12/2199,
ML,541,Sky Mali,Regional/Commuter,1,,BKO,ML,29/09/2020,31/12/2199,
MM,542,Peach,Low Cost Carrier,1,Ana Holdings Inc,KIX,JP,01/03/2012,31/12/2199,
MO,543,Calm Air,Regional/Commuter,1,,YTH,CA,01/01/2000,31/12/2199,
MQ,544,Envoy,Regional/Commuter,1,American Airlines Group Inc.,DFW,US,01/01/2000,31/12/2199,
MR,545,Hunnu Air,Full Service Carrier,1,,ULN,MN,01/01/2000,31/12/2199,
MS,546,Egyptair,Full Service Carrier,1,Egypt Air Holding Company,CAI,EG,01/01/2000,31/12/2199,
MT,547,Malta Medair,Charter,1,,MLA,MT,01/01/2000,31/12/2199,
MU,548,China Eastern Airlines,Full Service Carrier,1,China Eastern Air Holding Company,PVG,CN,01/01/2000,31/12/2199,
MV,549,Air Mediterranean,Charter,1,,ATH,GR,01/01/2000,31/12/2199,
MW,550,Mokulele Airlines,Regional/Commuter,0,,OGG,US,01/01/2000,31/12/2199,
MX,551,Breeze Airways,Low Cost Carrier,1,,SLC,US,27/05/2021,31/12/2199,
MY,552,Maswings,Regional/Commuter,1,Malaysia Airlines Berhad,BKI,MY,17/05/2007,31/12/2199,
MZ,553,Amakusa Airlines,Regional/Commuter,1,,AXJ,JP,01/01/2000,31/12/2199,
N2,554,Aero Contractors Company Of Nigeria,Full Service Carrier,1,,LOS,NG,01/01/2000,31/12/2199,
N3,555,Volaris El Salvador,Low Cost Carrier,1,Volaris Group,SAL,SV,01/01/2000,31/12/2199,
N4,556,Nordwind Airlines,Charter,1,,SVO,RU,01/01/2000,31/12/2199,
N5,557,Medavia,Regional/Commuter,1,,MLA,MT,01/01/2000,31/12/2199,
N5,558,Nolinor Aviation,Charter,1,,YMX,CA,01/01/2000,31/12/2199,
N6,559,Alpine Air,Full Service Carrier,1,,KTM,NP,01/01/2000,31/12/2199,
N6,560,Air One Nine,Charter,1,,TIP,LY,01/01/2000,31/12/2199,
N7,561,Nordic Regional Airlines,Regional/Commuter,1,Finnair Group,HEL,DK,01/01/2000,31/12/2199,
N8,562,National Airlines (Us),Charter,1,,MCO,US,01/01/2000,31/12/2199,
N9,563,Novair,Charter,1,,ARN,SE,15/11/1987,31/12/2199,
N9,564,Shree Airlines,Charter,1,,KTM,NP,01/01/2000,31/12/2199,
NA,565,Nesma Airlines (Saudi Arabia),Full Service Carrier,1,,HAS,SA,27/10/2016,31/12/2199,
NB,566,Berniq Airways,Full Service Carrier,1,,BEN,LY,04/03/2021,31/12/2199,
ND,567,Nordica,Full Service Carrier,1,,TLL,EE,08/11/2015,31/12/2199,
NE,568,Nesma Airlines (Egypt),Full Service Carrier,1,,HAS,EG,01/01/2000,31/12/2199,
NF,569,Air Vanuatu,Full Service Carrier,1,,VLI,VU,01/01/2000,31/12/2199,
NG,570,Novair Limited Liability Company,Full Service Carrier,1,,,AM,01/01/2000,31/12/2199,
NG,571,Aero (Nigeria),Full Service Carrier,1,,LOS,NG,01/01/1960,31/12/2199,
NH,572,All Nippon Airways,Full Service Carrier,1,Ana Holdings Inc,HND,JP,01/01/2000,31/12/2199,
NI,573,Portugalia,Charter,1,Tap Portugal Group,LIS,PT,07/07/1990,31/12/2199,
NJ,574,Niger Airways,Full Service Carrier,1,,NIM,NE,01/01/2000,31/12/2199,
NK,575,Spirit Airlines,Low Cost Carrier,1,,FLL,US,01/01/2000,31/12/2199,
NL,576,Amelia International,Charter,1,,LJU,SI,01/01/2000,31/12/2199,
NM,577,S.A.S Natireva dba Air Moana,Regional/Commuter,1,,PPT,PF,01/01/2000,31/12/2199,
NN,578,China Travel Tours Transp Services,Other,1,,,HK,01/01/2000,31/12/2199,
NO,579,Neos,Full Service Carrier,1,,MXP,IT,01/01/2000,31/12/2199,
NP,580,Nile Air,Full Service Carrier,1,,CAI,EG,01/01/2000,31/12/2199,
NQ,581,Air Japan,Charter,1,Ana Holdings Inc,NRT,JP,01/01/2000,31/12/2199,
NR,582,Manta Air,Charter,1,,MLE,MV,24/02/2019,31/12/2199,
NS,583,Hebei Airlines,Regional/Commuter,1,China Southern Air Holding Company,SJW,CN,01/01/2000,31/12/2199,
NT,584,Bintercanarias,Regional/Commuter,1,,LPA,ES,26/03/1989,31/12/2199,
NT,585,Brava Linhas Aereas,Regional/Commuter,1,,POA,BR,01/01/2000,31/12/2199,
NU,586,Japan Transocean Air,Full Service Carrier,1,Japan Airlines Co., Ltd.,OKA,JP,01/01/2000,31/12/2199,
NV,587,Karun Airlines,Charter,1,,AWZ,IR,01/01/2000,31/12/2199,
NX,588,Air Macau,Full Service Carrier,1,Air China Limited,MFM,MO,01/01/2000,31/12/2199,
NY,589,Air Iceland Connect,Regional/Commuter,1,Icelandair Group,RKV,IS,01/01/2000,31/12/2199,
NZ,590,Air New Zealand,Full Service Carrier,1,Air New Zealand Limited,AKL,NZ,01/01/2000,31/12/2199,
O1,591,Orbit Airlines AzerbaiyÃ¡n,,1,,,AZ,01/01/2000,31/12/2199,
O2,592,Linear Air,,1,,,US,01/01/2000,31/12/2199,
O5,593,Comores Aviation,Charter,1,,HAH,KM,01/01/2000,31/12/2199,
O7,594,Omni-Blu,Other,1,,,NG,01/01/2000,31/12/2199,
O7,595,Orenburg Airlines,Regional/Commuter,1,,REN,RU,01/01/2000,31/12/2199,
O8,596,Siam Air Transport,Full Service Carrier,1,,DMK,TH,01/01/2000,31/12/2199,
O9,597,Nova Airways,Regional/Commuter,1,,KRT,SD,01/01/2000,31/12/2199,
OA,598,Olympic Air,Full Service Carrier,1,Aegean Airlines Group,ATH,GR,01/01/2000,31/12/2199,
OB,599,Boliviana De Aviacion,Full Service Carrier,1,,CBB,BO,01/01/2000,31/12/2199,
OC,600,Aircal,Full Service Carrier,1,,SNA,US,01/01/2000,31/12/2199,
OC,601,Oriental Air Bridge,Regional/Commuter,1,,NGS,JP,21/06/1961,31/12/2199,
OD,602,Malindo Air,Full Service Carrier,1,Lion Group,KUL,MY,22/03/2013,31/12/2199,
OF,603,Overland Airways,Regional/Commuter,1,,LOS,NG,01/01/2000,31/12/2199,
OG,604,Play,Low Cost Carrier,1,,KEF,IS,01/01/2000,31/12/2199,
OG,605,Originair,Regional/Commuter,1,,NSN,NZ,12/08/2015,31/12/2199,
S5,606,Star Air (India),Regional/Commuter,1,,BLR,IN,25/01/2019,31/12/2199,
OH,607,Psa Airlines,Regional/Commuter,1,American Airlines Group Inc.,DAY,US,01/01/2000,31/12/2199,
OI,608,Hinterland Aviation,Regional/Commuter,1,,CNS,AU,11/05/1984,31/12/2199,
OK,609,Csa Czech Airlines,Full Service Carrier,1,Smartwings Group,PRG,CZ,01/01/2000,31/12/2199,
OL,610,Samoa Airways,Full Service Carrier,1,,APW,WS,14/11/2017,31/12/2199,
OM,611,Miat Mongolian Airlines,Full Service Carrier,1,,ULN,MN,01/01/2000,31/12/2199,
ON,612,Nauru Airlines,Full Service Carrier,1,,INU,NR,01/01/2000,31/12/2199,
OO,613,Skywest Airlines,Regional/Commuter,1,Skywest Incorporated,ORD,US,19/06/1972,31/12/2199,
OP,614,Passionair,Full Service Carrier,1,,ACC,GH,23/08/2018,31/12/2199,
OQ,615,Chongqing Airlines,Full Service Carrier,1,China Southern Air Holding Company,CKG,CN,01/01/2000,31/12/2199,
OR,616,Tui Airlines Netherlands,Charter,1,Tui Group,AMS,NL,01/01/2000,31/12/2199,
OS,617,Austrian Airlines,Full Service Carrier,1,Deutsche Lufthansa Ag,VIE,AT,31/03/1958,31/12/2199,
OU,618,Croatia Airlines,Full Service Carrier,1,,ZAG,HR,01/01/2000,31/12/2199,
OV,619,Salamair,Low Cost Carrier,1,,MCT,OM,30/01/2017,31/12/2199,
OW,620,Skyward Express,Charter,1,,WIL,KE,01/01/2000,31/12/2199,
OX,621,One Airways S.A.U,Charter,1,,MAD,ES,01/01/2000,31/12/2199,
OY,622,Andes Lineas Aereas,Low Cost Carrier,1,,SLA,AR,01/01/2000,31/12/2199,
OY,623,Omni Air International,Charter,1,Air Transport Services Group Inc (Atsg),TUL,US,01/01/2000,31/12/2199,
OZ,624,Asiana Airlines,Full Service Carrier,1,Kumho Asiana Group,ICN,KR,01/01/2000,31/12/2199,
P0,625,Proflight Zambia,Regional/Commuter,1,,LUN,ZM,01/01/2000,31/12/2199,
P1,626,Publiccharters.Com,Charter,1,,LUK,US,01/01/2000,31/12/2199,
P2,627,Airkenya,Regional/Commuter,1,,MYD,KE,01/01/2000,31/12/2199,
P4,628,Air Peace Hopper,Full Service Carrier,1,,LOS,NG,01/01/2000,31/12/2199,
P5,629,Wingo,Low Cost Carrier,1,Copa Holdings S.A.,BOG,CO,01/12/2016,31/12/2199,
P6,630,Pascan Aviation,Regional/Commuter,1,,YHU,CA,01/01/2000,31/12/2199,
P6,631,Privilege Style,Charter,1,,MAD,ES,01/01/2000,31/12/2199,
P8,632,Sprintair,Regional/Commuter,1,,WAW,PL,01/01/2000,31/12/2199,
P9,633,Asia Pacific Airlines,Charter,1,,GUM,US,01/01/2000,31/12/2199,
PA,634,Airblue,Low Cost Carrier,1,,KHI,PK,01/01/2000,31/12/2199,
PB,635,Pal Airlines (Canada),Regional/Commuter,1,,YYT,CA,01/01/2000,31/12/2199,
PC,636,Pegasus Airlines,Low Cost Carrier,1,Pegasus Airlines Group,SAW,TR,01/01/2000,31/12/2199,
PD,637,Porter Airlines,Regional/Commuter,1,,YTZ,CA,01/01/2000,31/12/2199,
PE,638,People'S Viennaline,Charter,1,,ACH,AT,01/01/2010,31/12/2199,
PF,639,Air Sial,Full Service Carrier,1,,SKT,PK,25/12/2020,31/12/2199,
PG,640,Bangkok Airways,Full Service Carrier,1,,BKK,TH,01/01/2000,31/12/2199,
PH,641,Pionair Australia,Charter,1,Asl Aviation Holdings,BWU,AU,01/01/2000,31/12/2199,
PI,642,Polar Airlines,Regional/Commuter,1,,YKS,RU,08/06/1997,31/12/2199,
PJ,643,Air Saint Pierre,Full Service Carrier,1,,FSP,PM,01/01/2000,31/12/2199,
PK,644,Pakistan International Airlines,Full Service Carrier,1,,KHI,PK,01/01/2000,31/12/2199,
PL,645,Southern Air Charter,Regional/Commuter,1,,NAS,BS,01/01/2000,31/12/2199,
PM,646,Canaryfly,Regional/Commuter,1,,LPA,ES,01/01/2000,31/12/2199,
PN,647,West Air,Low Cost Carrier,1,Hainan Airlines Group,CKG,CN,01/01/2000,31/12/2199,
PP,648,Jet Aviation Business Jets Ag,Charter,1,,,CH,01/01/2000,31/12/2199,
PQ,649,Skyup,Low Cost Carrier,1,,KBP,UA,21/05/2018,31/12/2199,
PR,650,Philippine Airlines,Full Service Carrier,1,Pal Group,MNL,PH,02/09/1941,31/12/2199,
PS,651,Ukraine International Airlines,Full Service Carrier,1,,KBP,UA,01/01/2000,31/12/2199,
PT,652,Piedmont Airlines,Regional/Commuter,1,American Airlines Group Inc.,SBY,US,01/01/2000,31/12/2199,
PU,653,Plus Ultra Airlines,Charter,1,,MAD,ES,04/08/2015,31/12/2199,
PV,654,Saint Barth Commuter,Regional/Commuter,1,,SBH,BL,01/01/2000,31/12/2199,
PW,655,Precision Air Services,Regional/Commuter,1,,DAR,TZ,01/01/2000,31/12/2199,
PX,656,Air Niugini,Full Service Carrier,1,,POM,PG,01/01/2000,31/12/2199,
PY,657,Surinam Airways,Full Service Carrier,1,,PBM,SR,01/01/2000,31/12/2199,
PZ,658,Latam Airlines Paraguay,Full Service Carrier,1,Latam Airlines Group S.A.,ASU,PY,01/01/2000,31/12/2199,
Q0,659,Quebecair Express,Regional/Commuter,1,,,CA,01/01/2000,31/12/2199,
Q2,660,Maldivian,Regional/Commuter,1,Island Aviation Services Limited,MLE,MV,01/01/2000,31/12/2199,
Q3,661,Anguilla Air Services,Regional/Commuter,1,,AXA,AI,01/01/2000,31/12/2199,
Q4,662,Euroairlines S.L.,Charter,1,,CDT,ES,01/01/2000,31/12/2199,
Q5,663,40 Mile Air,Regional/Commuter,1,,TKJ,US,01/01/2000,31/12/2199,
Q6,664,Volaris Costa Rica,Low Cost Carrier,1,Volaris Group,SJO,CR,30/11/2016,31/12/2199,
Q7,665,Iaero Airways,Charter,1,,PHX,US,01/01/2000,31/12/2199,
Q8,666,Trans Air Congo,Full Service Carrier,1,,PNR,CG,01/01/2000,31/12/2199,
Q9,667,Green Africa,Full Service Carrier,1,,LOS,NG,01/01/2000,31/12/2199,
QA,668,Queen Bilqis Airways,Full Service Carrier,1,,SAH,YE,24/11/2018,31/12/2199,
QB,669,Qeshm Air,Regional/Commuter,1,,GSM,IR,01/01/2000,31/12/2199,
QC,670,Camair-Co,Full Service Carrier,1,,DLA,CM,01/01/2000,31/12/2199,
QD,671,Jc (Cambodia) International Airlines,Full Service Carrier,1,,PNH,KH,17/03/2017,31/12/2199,
QF,672,Qantas Airways,Full Service Carrier,1,Qantas Group,SYD,AU,16/11/1920,31/12/2199,
QG,673,Citilink,Low Cost Carrier,1,Garuda Indonesia Group,SUB,ID,01/01/2000,31/12/2199,
QH,674,Bamboo Airways,Full Service Carrier,1,,UIH,VN,16/01/2019,31/12/2199,
QI,675,Ibom Air,Full Service Carrier,1,,QUO,NG,07/06/2019,31/12/2199,
QJ,676,Jet Airways Inc.,Other,1,,,US,01/01/2000,31/12/2199,
QK,677,Jazz,Regional/Commuter,1,Chorus Aviation Inc.,YHZ,CA,01/01/2000,31/12/2199,
QL,678,Laser,Regional/Commuter,1,,CCS,VE,01/01/2000,31/12/2199,
QM,679,Monacair,Full Service Carrier,1,,,MC,01/01/2000,31/12/2199,
QN,680,Skytrans,Regional/Commuter,1,,CNS,AU,01/03/2015,31/12/2199,
QQ,681,Alliance Airlines,Charter,1,Qantas Group,BNE,AU,01/01/2000,31/12/2199,
QR,682,Qatar Airways,Full Service Carrier,1,,DOH,QA,01/01/2000,31/12/2199,
QS,683,Smartwings,Low Cost Carrier,1,Smartwings Group,PRG,CZ,01/01/2000,31/12/2199,
QU,684,Azur Air Ukraine,Charter,1,,KBP,UA,01/01/2000,31/12/2199,
QV,685,Lao Airlines,Full Service Carrier,1,,VTE,LA,01/01/2000,31/12/2199,
QW,686,Qingdao Airlines,Full Service Carrier,1,Nanshan Group,TAO,CN,26/04/2014,31/12/2199,
QX,687,Horizon Air,Regional/Commuter,1,Alaska Air Group Inc.,SEA,US,01/01/2000,31/12/2199,
QZ,688,Indonesia Airasia,Low Cost Carrier,1,Capital A Berhad,CGK,ID,01/01/2000,31/12/2199,
R0,689,Tantalus Air,Charter,1,,,CA,01/01/2000,31/12/2199,
R2,690,Transair Senegal,Charter,1,,DKR,SN,01/01/2000,31/12/2199,
R3,691,Yakutia Airlines,Full Service Carrier,1,,YKS,RU,16/12/2002,31/12/2199,
R4,692,Real Tonga Airlines,Regional/Commuter,1,,TBU,TO,01/01/2000,31/12/2199,
R5,693,Jordan Aviation,Charter,1,,AMM,JO,01/01/2000,31/12/2199,
R6,694,Dot Lt,Regional/Commuter,1,,OSL,LT,01/01/2000,31/12/2199,
R8,695,Puer General Aviation,,1,,,CN,01/01/2000,31/12/2199,
RA,696,Nepal Airlines,Full Service Carrier,1,,KTM,NP,01/01/2000,31/12/2199,
RB,697,Syrian Airlines,Full Service Carrier,1,,DAM,SY,01/01/2000,31/12/2199,
RC,698,Atlantic Airways,Regional/Commuter,1,,FAE,FO,01/01/2000,31/12/2199,
RD,699,Sky Cana,Virtual Carrier,1,,SDQ,DO,01/01/2021,31/12/2199,
RF,700,Aero K,Low Cost Carrier,1,,CJJ,KR,15/04/2021,31/12/2199,
RG,701,Rotana Jet,Charter,1,,AUH,AE,01/01/2000,31/12/2199,
RI,702,Air Costa Rica,Charter,1,,SJO,CR,28/10/2016,31/12/2199,
RJ,703,Royal Jordanian,Full Service Carrier,1,,AMM,JO,15/12/1963,31/12/2199,
RK,704,Ryanair Uk,Low Cost Carrier,1,Ryanair Holdings Plc,STN,GB,12/03/2019,31/12/2199,
RL,705,Royal Flight,Charter,1,,VKO,RU,01/01/2014,31/12/2199,
RM,706,Armenia Airlines,Full Service Carrier,1,,EVN,AM,05/07/2016,31/12/2199,
RO,707,Tarom,Full Service Carrier,1,,OTP,RO,18/09/1954,31/12/2199,
RO,708,Conifair Aviation,Charter,1,,YRL,CA,01/01/2000,31/12/2199,
RP,709,Budapest Aircraft Service (Base),Charter,1,,BUD,HU,01/01/2000,31/12/2199,
RQ,710,Kam Air,Full Service Carrier,1,,KBL,AF,01/01/2000,31/12/2199,
RR,711,Buzz,Charter,1,Ryanair Holdings Plc,WAW,PL,26/04/2018,31/12/2199,
RS,712,Air Seoul,Low Cost Carrier,1,Kumho Asiana Group,ICN,KR,11/07/2016,31/12/2199,
RT,713,Uvt-Aero,Regional/Commuter,1,,KZN,RU,17/07/2015,31/12/2199,
RV,714,Air Canada Rouge,Low Cost Carrier,1,Air Canada Group,YYZ,CA,01/01/2000,31/12/2199,
RW,715,Royal Air Charter Services Inc,Charter,1,,CRK,PH,01/01/2000,31/12/2199,
RX,716,Regent Airways,Regional/Commuter,1,,DAC,BD,01/01/2000,31/12/2199,
RY,717,Jiangxi Air,Low Cost Carrier,1,China Southern Air Holding Company,KHN,CN,29/01/2016,31/12/2199,
RZ,718,Sansa,Regional/Commuter,1,,SJO,CR,01/01/2000,31/12/2199,
S0,719,Aerolineas Sosa,Regional/Commuter,1,,LCE,HN,01/01/2000,31/12/2199,
S4,720,Sata International,Full Service Carrier,1,,PDL,PT,01/01/2000,31/12/2199,
S5,721,Abakan Air Llc,,1,,,RU,01/01/2000,31/12/2199,
S6,722,Sunrise Airways,Virtual Carrier,1,,PAP,HT,01/01/2000,31/12/2199,
S7,723,S7 Airlines,Full Service Carrier,1,S7 Airspace Corporation,DME,RU,20/01/1993,31/12/2199,
S8,724,Sounds Air,Regional/Commuter,1,,,NZ,01/01/2000,31/12/2199,
SA,725,South African Airways,Full Service Carrier,1,South African Airways Group,JNB,ZA,01/01/2000,31/12/2199,
SB,726,Aircalin,Full Service Carrier,1,,NOU,NC,01/01/2000,31/12/2199,
SC,727,Shandong Airlines,Full Service Carrier,1,Air China Limited,TAO,CN,01/01/2000,31/12/2199,
SD,728,Sudan Airways,Full Service Carrier,1,,KRT,SD,01/01/2000,31/12/2199,
SF,729,Tassili Airlines,Regional/Commuter,1,,ALG,DZ,01/01/2000,31/12/2199,
SG,730,Spicejet,Low Cost Carrier,1,,DEL,IN,01/01/2000,31/12/2199,
SH,731,Sharp Airlines,Regional/Commuter,1,,HLT,AU,01/01/2000,31/12/2199,
SI,732,Blue Islands,Regional/Commuter,1,,JER,GB,01/01/2000,31/12/2199,
SI,733,Sierra Pacific Airlines,Charter,1,,TUS,US,01/01/2000,31/12/2199,
SJ,734,Sriwijaya Air,Full Service Carrier,1,Sriwijaya Group,CGK,ID,01/01/2000,31/12/2199,
SK,735,Sas,Full Service Carrier,1,Sas Group,CPH,SE,17/09/1946,31/12/2199,
SL,736,Sas Ireland,Full Service Carrier,1,Sas Group,LHR,IE,20/12/2017,31/12/2199,
SL,737,Thai Lion Air,Low Cost Carrier,1,Lion Group,DMK,TH,04/12/2013,31/12/2199,
SM,738,Air Cairo,Low Cost Carrier,1,Egypt Air Holding Company,CAI,EG,01/01/2000,31/12/2199,
SN,739,Brussels Airlines,Full Service Carrier,1,Deutsche Lufthansa Ag,BRU,BE,01/01/2000,31/12/2199,
SO,740,Salsa D'Haiti,Regional/Commuter,1,,PAP,HT,01/01/2000,31/12/2199,
SO,741,Syphax Airlines,Full Service Carrier,1,,SFA,TN,01/01/2000,31/12/2199,
SP,742,Sata - Air Acores,Regional/Commuter,1,Grupo Sata,TER,PT,01/01/2000,31/12/2199,
SQ,743,Singapore Airlines,Full Service Carrier,1,Singapore Airlines Group,SIN,SG,01/01/2000,31/12/2199,
SR,744,Sundair,Charter,1,,KSF,DE,01/07/2017,31/12/2199,
SS,745,Corsair,Full Service Carrier,1,Tui Group,ORY,FR,01/01/2000,31/12/2199,
SU,746,Aeroflot,Full Service Carrier,1,Aeroflot Group,SVO,RU,15/07/1923,31/12/2199,
SV,747,Saudia,Full Service Carrier,1,Saudia Group,JED,SA,01/01/2000,31/12/2199,
SX,748,Flygta Airlines,Charter,1,,YTZ,CA,01/01/2000,31/12/2199,
SY,749,Sun Country,Low Cost Carrier,1,,MSP,US,01/01/2000,31/12/2199,
SZ,750,Somon Air,Full Service Carrier,1,,DYU,TJ,01/01/2000,31/12/2199,
T2,751,Nakina Air Service,Regional/Commuter,1,,YQN,CA,01/01/2000,31/12/2199,
T3,752,Eastern Airways,Regional/Commuter,1,Bristow Group,HUY,GB,01/01/2000,31/12/2199,
T4,753,Rhoades Aviation Inc.,Charter,1,,,US,01/01/2000,31/12/2199,
T5,754,Turkmenistan Airlines,Full Service Carrier,1,,ASB,TM,01/01/2000,31/12/2199,
T6,755,Airswift,Charter,1,,ENI,PH,01/01/2000,31/12/2199,
T7,756,Twin Jet,Regional/Commuter,1,,MRS,FR,01/01/2000,31/12/2199,
T8,757,Sta Trans African Airlines,Full Service Carrier,1,,BKO,ML,01/01/2000,31/12/2199,
T8,758,Ca Terra Avia Srl,Charter,1,,,MD,01/01/2000,31/12/2199,
T9,759,Turpial Airlines,Full Service Carrier,1,,VLN,VE,08/04/2017,31/12/2199,
TA,760,Avianca El Salvador,Full Service Carrier,1,Avianca Holdings S.A.,SAL,SV,28/05/2013,31/12/2199,
TB,761,Tui Airlines Belgium,Charter,1,Tui Group,BRU,BE,01/01/2000,31/12/2199,
TC,762,Air Tanzania,Full Service Carrier,1,,DAR,TZ,01/01/2000,31/12/2199,
TE,763,Skytaxi,Charter,1,,WRO,PL,01/01/2000,31/12/2199,
TF,764,Bra - Braathens Regional Airlines,Charter,1,,BMA,SE,29/02/2016,31/12/2199,
TG,765,Thai Airways,Full Service Carrier,1,Thai Airways Group,BKK,TH,01/01/2000,31/12/2199,
TI,766,Tailwind Hava Yollari A.S,Charter,1,,,TR,01/01/2000,31/12/2199,
TI,767,Tropic Ocean Airways,Other,1,,,US,01/01/2000,31/12/2199,
TJ,768,Tradewind Aviation,Charter,1,,HVN,US,01/01/2000,31/12/2199,
TK,769,Turkish Airlines,Full Service Carrier,1,Turkish Airlines Group,IST,TR,20/05/1933,31/12/2199,
TL,770,Airnorth,Regional/Commuter,1,Bristow Group,DRW,AU,04/07/1978,31/12/2199,
TM,771,Lam Mozambique Airlines,Full Service Carrier,1,,MPM,MZ,01/01/2000,31/12/2199,
TN,772,Air Tahiti Nui,Full Service Carrier,1,,PPT,PF,01/01/2000,31/12/2199,
TO,773,Transavia France,Low Cost Carrier,1,Air France-Klm S.A.,ORY,FR,01/01/2000,31/12/2199,
TP,774,Tap Air Portugal,Full Service Carrier,1,Tap Portugal Group,LIS,PT,19/09/1946,31/12/2199,
TR,775,Scoot,Low Cost Carrier,1,Singapore Airlines Group,SIN,SG,01/06/2012,31/12/2199,
TR,776,Travira Air,Charter,1,,HLP,ID,01/01/2000,31/12/2199,
TS,777,Air Transat,Full Service Carrier,1,,YYZ,CA,01/01/2000,31/12/2199,
TU,778,Tunisair,Full Service Carrier,1,,TUN,TN,01/01/2000,31/12/2199,
TV,779,Tibet Airlines,Full Service Carrier,1,Air China Limited,LXA,CN,26/07/2011,31/12/2199,
TW,780,T'Way Air,Low Cost Carrier,1,,GMP,KR,19/05/2003,31/12/2199,
TX,781,Air Caraibes,Full Service Carrier,1,,PTP,GP,01/01/2000,31/12/2199,
TY,782,Air Caledonie,Regional/Commuter,1,,GEA,NC,28/09/1955,31/12/2199,
TZ,783,Tsaradia,Full Service Carrier,1,,TNR,MG,02/07/2018,31/12/2199,
TZ,784,Air-Taxi Europe,Full Service Carrier,1,,BWE,DE,01/01/2000,31/12/2199,
U2,785,Easyjet,Low Cost Carrier,1,Easyjet Plc,LGW,GB,01/01/2000,31/12/2199,
U4,786,Buddha Air,Regional/Commuter,1,,KTM,NP,01/01/2000,31/12/2199,
U5,787,Karinou Airlines,Regional/Commuter,1,,BGF,CF,01/02/2013,31/12/2199,
U6,788,Ural Airlines,Full Service Carrier,1,,SVX,RU,28/12/1993,31/12/2199,
U8,789,Tus Airways,Regional/Commuter,1,,LCA,CY,24/03/2016,31/12/2199,
UA,790,United Airlines,Full Service Carrier,1,United Airlines Holdings Inc.,ORD,US,01/01/2000,31/12/2199,
UB,791,Myanmar National Airlines,Full Service Carrier,1,,RGN,MM,01/01/2000,31/12/2199,
UD,792,Ur Airlines,Full Service Carrier,1,,BGW,IQ,01/01/2000,31/12/2199,
UE,793,Ultimate Jetcharters,Charter,1,,CAK,US,01/01/2000,31/12/2199,
UF,794,Petroleum Air Services,Charter,1,,CAI,EG,01/01/2000,31/12/2199,
UG,795,Tunisair Express,Regional/Commuter,1,,TUN,TN,01/01/2000,31/12/2199,
UI,796,Auric Air Services,Regional/Commuter,1,,MWZ,TZ,01/01/2000,31/12/2199,
UJ,797,Almasria Universal Airlines,Full Service Carrier,1,,CAI,EG,01/01/2000,31/12/2199,
UK,798,Vistara,Full Service Carrier,1,Singapore Airlines Group,DEL,IN,09/01/2015,31/12/2199,
UL,799,Srilankan Airlines,Full Service Carrier,1,,CMB,LK,01/01/2000,31/12/2199,
UM,800,Air Zimbabwe,Full Service Carrier,1,,HRE,ZW,01/01/2000,31/12/2199,
UO,801,Hk Express,Low Cost Carrier,1,Cathay Pacific Group,HKG,HK,01/01/2000,31/12/2199,
UP,802,Bahamasair,Regional/Commuter,1,,NAS,BS,17/06/1973,31/12/2199,
UQ,803,Urumqi Air,Low Cost Carrier,1,Hainan Airlines Group,URC,CN,29/08/2014,31/12/2199,
UQ,804,Business Aviation Centre,Charter,1,,KBP,UA,01/01/2000,31/12/2199,
UR,805,Uganda Airlines,Full Service Carrier,1,,EBB,UG,27/08/2019,31/12/2199,
US,806,Puerto Rico International Airlines,Full Service Carrier,1,,SJU,PR,01/01/2000,31/12/2199,
UT,807,Utair Aviation,Full Service Carrier,1,Utair Group,VKO,RU,28/10/1992,31/12/2199,
UU,808,Air Austral,Full Service Carrier,1,,RUN,RE,01/01/2000,31/12/2199,
UV,809,Helicopteros Del Sureste,General Aviation,1,,AGP,ES,01/01/2000,31/12/2199,
UV,810,Universal Airways, Inc.,Charter,1,,,US,01/01/2000,31/12/2199,
UX,811,Air Europa Lineas Aereas,Full Service Carrier,1,International Airlines Group (Iag),MAD,ES,01/01/2000,31/12/2199,
UY,812,Sky Prime,Charter,1,,RUH,SA,01/01/2000,31/12/2199,
UZ,813,Buraq Air,Full Service Carrier,1,,MJI,LY,01/01/2000,31/12/2199,
V0,814,Conviasa,Full Service Carrier,1,,CCS,VE,01/01/2000,31/12/2199,
V2,815,Avialeasing Aviation Co,Charter,1,,TAS,UZ,01/01/2000,31/12/2199,
V3,816,Carpatair,Regional/Commuter,1,,TSR,RO,01/01/2000,31/12/2199,
V4,817,Vieques Air Link,Regional/Commuter,1,,VQS,PR,01/01/2000,31/12/2199,
V5,818,AerovÃ­as Dap,Regional/Commuter,1,,PUQ,CL,01/01/2000,31/12/2199,
V6,819,Vi Airlink,Charter,1,,EIS,VG,01/01/2000,31/12/2199,
V7,820,Volotea,Low Cost Carrier,1,,NAP,ES,05/04/2012,31/12/2199,
V8,821,Iliamna Air Taxi,Regional/Commuter,1,,ANC,US,01/01/2000,31/12/2199,
V9,822,Van Air Europe, a.s.,,1,,BRQ,CZ,01/01/2000,31/12/2199,
V9,823,Van Air Europe,Charter,1,,BRQ,CZ,01/01/2000,31/12/2199,
VA,824,Virgin Australia,Full Service Carrier,1,Virgin Australia Holdings Limited,BNE,AU,31/08/2000,31/12/2199,
VB,825,Viva Aerobus,Low Cost Carrier,1,,MTY,MX,30/11/2006,31/12/2199,
VC,826,Viaair,Regional/Commuter,1,,,US,01/01/2000,31/12/2199,
VC,827,Voyageur Airways,Charter,1,Chorus Aviation Inc.,YYB,CA,01/01/2000,31/12/2199,
VE,828,Easyfly,Regional/Commuter,1,,BOG,CO,01/01/2000,31/12/2199,
VF,829,Fly Armenia Airways,Full Service Carrier,1,,EVN,AM,01/01/2000,31/12/2199,
VG,830,Vipper Bv,Other,1,,,NL,01/01/2000,31/12/2199,
VH,831,Viva Air Colombia,Low Cost Carrier,1,Grupo Viva,MDE,CO,25/05/2012,31/12/2199,
VJ,832,Vietjet Air,Low Cost Carrier,1,Vietjet Group,HAN,VN,25/12/2011,31/12/2199,
VL,833,Med-View Airline,Charter,1,,LOS,NG,01/01/2000,31/12/2199,
VM,834,Max Air (Nigeria),Charter,1,,DKA,NG,01/01/2000,31/12/2199,
VN,835,Vietnam Airlines,Full Service Carrier,1,Vietnam Airlines Corporation,SGN,VN,27/05/1995,31/12/2199,
VO,836,Voyage Air,Full Service Carrier,1,,,BG,01/01/2000,31/12/2199,
VP,837,Flyme,Regional/Commuter,1,,VAM,MV,01/10/2011,31/12/2199,
VQ,838,Novoair,Regional/Commuter,1,,DAC,BD,01/01/2000,31/12/2199,
VR,839,Cabo Verde Airlines,Full Service Carrier,1,Icelandair Group,SID,CV,01/01/2000,31/12/2199,
VS,840,Virgin Atlantic Airways,Full Service Carrier,1,,LHR,GB,22/06/1984,31/12/2199,
VT,841,Air Tahiti,Regional/Commuter,1,,PPT,PF,01/01/2000,31/12/2199,
VU,842,Vietravel Airlines,Full Service Carrier,1,,HUI,VN,25/01/2021,31/12/2199,
VV,843,Viva Air PerÃº,Low Cost Carrier,1,Grupo Viva,LIM,PE,09/05/2017,31/12/2199,
VY,844,Vueling,Low Cost Carrier,1,International Airlines Group (Iag),BCN,ES,01/01/2000,31/12/2199,
VZ,845,Aero Vip,Charter,1,,VRL,PT,01/01/2000,31/12/2199,
VZ,846,Thai Vietjet Air,Low Cost Carrier,1,Vietjet Group,BKK,TH,29/03/2015,31/12/2199,
W1,847,World Ticket Ltd,Other,1,,,DK,01/01/2000,31/12/2199,
W2,848,Flexflight,Charter,1,,RKE,DK,01/01/2000,31/12/2199,
W3,849,Arik Air,Full Service Carrier,1,,LOS,NG,01/01/2000,31/12/2199,
W4,850,Ulendo Airlink,Charter,1,,LLW,MW,01/01/2000,31/12/2199,
W5,851,Mahan Air,Full Service Carrier,1,,IKA,IR,01/01/2000,31/12/2199,
W6,852,Wizz Air,Low Cost Carrier,1,Wizz Air Group,BUD,HU,19/05/2004,31/12/2199,
W7,853,Pop Linhas Aereas,Regional/Commuter,1,,GIG,BR,01/01/2000,31/12/2199,
W9,854,Wizz Air Uk,Low Cost Carrier,1,Wizz Air Group,LTN,GB,01/01/2000,31/12/2199,
WA,855,Klm Cityhopper,Regional/Commuter,1,Air France-Klm S.A.,AMS,NL,01/01/2000,31/12/2199,
WB,856,Rwandair,Full Service Carrier,1,,KGL,RW,01/01/2000,31/12/2199,
WC,857,Meregrass,Charter,1,,,US,01/01/2000,31/12/2199,
WE,858,Thai Smile,Regional/Commuter,1,Thai Airways Group,BKK,TH,01/01/2000,31/12/2199,
WF,859,Wideroe'S Flyveselskap,Regional/Commuter,1,,BGO,NO,01/01/2000,31/12/2199,
WG,860,Sunwing Airlines,Low Cost Carrier,1,Westjet Group,YYZ,CA,01/01/2000,31/12/2199,
WH,861,Wdl Aviation,Charter,1,,,DE,01/01/2000,31/12/2199,
WI,862,White Airways,Charter,1,,LIS,PT,01/01/2000,31/12/2199,
WJ,863,Jetsmart (Argentina),Low Cost Carrier,1,Jetsmart Group,EPA,AR,10/04/2019,31/12/2199,
WK,864,Edelweiss Air,Full Service Carrier,1,Deutsche Lufthansa Ag,ZRH,CH,01/01/2000,31/12/2199,
WL,865,World Atlantic Airlines,Charter,1,,MIA,US,01/01/2000,31/12/2199,
WM,866,Winair,Regional/Commuter,1,,SXM,SX,01/01/2000,31/12/2199,
WN,867,Southwest Airlines,Low Cost Carrier,1,Southwest Airlines Co.,DAL,US,01/01/2000,31/12/2199,
WO,868,Swoop,Low Cost Carrier,1,Westjet Group,YYC,CA,20/06/2018,31/12/2199,
WQ,869,Swift Air L.L.C.,Charter,1,,,US,01/01/2000,31/12/2199,
WR,870,Westjet Encore,Regional/Commuter,1,Westjet Group,YYC,CA,24/06/2013,31/12/2199,
WS,871,Westjet,Low Cost Carrier,1,Westjet Group,YYC,CA,29/02/1996,31/12/2199,
WT,872,Swiftair,Charter,1,,MAD,ES,01/01/2000,31/12/2199,
WU,873,Jetways Airlines,Full Service Carrier,1,,WIL,KE,01/01/2000,31/12/2199,
WV,874,Westair Aviation,Charter,1,,ERS,NA,01/01/1967,31/12/2199,
WW,875,M Jets International,Charter,1,,KUL,MY,01/01/2000,31/12/2199,
WX,876,Cityjet,Regional/Commuter,1,,LCY,IE,01/01/2000,31/12/2199,
WY,877,Oman Air,Full Service Carrier,1,,MCT,OM,01/01/2000,31/12/2199,
WZ,878,Red Wings,Charter,1,,DME,RU,24/06/1999,31/12/2199,
X1,879,Hahn Air Technologies,Other,1,,,DE,01/01/2000,31/12/2199,
X3,880,Tuifly,Charter,1,Tui Group,CGN,DE,01/01/2000,31/12/2199,
X4,881,Air Excursions, Llc,Regional/Commuter,1,,JNU,US,01/01/2000,31/12/2199,
X5,882,Air Europa Express,Regional/Commuter,1,,VLC,ES,11/01/2016,31/12/2199,
X7,883,Exec Air,Charter,1,,EDI,GB,01/01/2000,31/12/2199,
X9,884,Avion Express,Charter,1,,VNO,LT,01/01/2000,31/12/2199,
XC,885,Corendon Airlines,Charter,1,,AYT,TR,01/01/2000,31/12/2199,
XE,886,Jsx,Charter,1,,BUR,US,19/04/2016,31/12/2199,
XJ,887,Thai Airasia X,Low Cost Carrier,1,Airasia X Group,DMK,TH,17/06/2014,31/12/2199,
XK,888,Air Corsica,Regional/Commuter,1,,AJA,FR,01/01/2000,31/12/2199,
XL,889,Latam Airlines Ecuador,Full Service Carrier,1,Latam Airlines Group S.A.,GYE,EC,01/01/2000,31/12/2199,
XM,890,Zimex Aviation,Charter,1,,ACH,CH,01/01/2000,31/12/2199,
XN,891,Xpress Air,Full Service Carrier,1,,UPG,ID,01/01/2000,31/12/2199,
XO,892,Seair International,Regional/Commuter,1,,CRK,PH,01/01/2000,31/12/2199,
XQ,893,Sunexpress,Low Cost Carrier,1,Deutsche Lufthansa Ag,AYT,TR,01/01/2000,31/12/2199,
XR,894,Corendon Airlines Europe,Charter,1,,MLA,MT,26/05/2017,31/12/2199,
XR,895,Corendon Airlines Europe,Regional/Commuter,1,,MLA,AU,01/01/2000,31/12/2199,
XU,896,African Express Airways,Full Service Carrier,1,,NBO,KE,01/01/2000,31/12/2199,
XY,897,Flynas,Low Cost Carrier,1,,RUH,SA,01/01/2000,31/12/2199,
XZ,898,Sa Express,Regional/Commuter,1,,JNB,ZA,01/01/2000,31/12/2199,
Y0,899,Yellow Air Taxi,Charter,1,,FLL,US,01/01/2000,31/12/2199,
Y2,900,Air Century,Charter,1,,JBQ,DO,01/01/2000,31/12/2199,
Y3,901,Sky Kg Airlines,Charter,1,,FRU,KG,01/01/2000,31/12/2199,
Y4,902,Volaris,Low Cost Carrier,1,Volaris Group,MEX,MX,01/01/2000,31/12/2199,
Y5,903,Golden Myanmar Airlines,Full Service Carrier,1,,MDL,MM,01/01/2000,31/12/2199,
Y6,904,Ab Aviation,Regional/Commuter,1,,HAH,KM,01/01/2000,31/12/2199,
Y7,905,Nordstar Airlines,Full Service Carrier,1,,NSK,RU,17/06/2009,31/12/2199,
Y8,906,Suparna Airlines,Full Service Carrier,1,Hainan Airlines Group (Hna),PVG,CN,15/12/2015,31/12/2199,
Y9,907,Kish Air,Regional/Commuter,1,,THR,IR,01/01/2000,31/12/2199,
YB,908,Harbour Air,Regional/Commuter,1,,CXH,CA,01/01/2000,31/12/2199,
YC,909,Yamal Airlines,Regional/Commuter,1,,TJM,RU,07/04/1997,31/12/2199,
YD,910,Synergy Aviation,General Aviation,1,,,GB,01/01/2000,31/12/2199,
YE,911,Yanair,Regional/Commuter,1,,IEV,UA,01/01/2000,31/12/2199,
YF,912,Department Of National Defence,Other,1,,,CA,01/01/2000,31/12/2199,
YH,913,Sunsplash Aviation,Regional/Commuter,1,,MIA,US,01/01/2000,31/12/2199,
YI,914,Air Sunshine,Regional/Commuter,1,,FLL,US,01/01/2000,31/12/2199,
YK,915,Avia Traffic Company,Regional/Commuter,1,,FRU,KG,01/01/2000,31/12/2199,
YL,916,Libyan Wings,Charter,1,,MJI,LY,01/01/2000,31/12/2199,
YN,917,Air Creebec,Regional/Commuter,1,,YKQ,CA,05/07/1982,31/12/2199,
YO,918,Heli Air Monaco,General Aviation,1,,NCE,MC,01/01/2000,31/12/2199,
YP,919,Air Premia,Full Service Carrier,1,,ICN,KR,01/06/2021,31/12/2199,
YQ,920,Tar Aerolineas,Regional/Commuter,1,,QRO,MX,15/01/2014,31/12/2199,
YR,921,Scenic Airlines,Regional/Commuter,1,,PGA,US,01/01/2000,31/12/2199,
YT,922,Yeti Airlines,Regional/Commuter,1,,KTM,NP,01/01/2000,31/12/2199,
YU,923,Euroatlantic Airways,Full Service Carrier,1,,LIS,PT,01/01/2000,31/12/2199,
YV,924,Mesa Airlines,Regional/Commuter,1,Mesa Air Group, Inc.,PHX,US,01/01/2000,31/12/2199,
YW,925,Iberia Regional Air Nostrum,Regional/Commuter,1,International Airlines Group (Iag),BCN,ES,01/01/2000,31/12/2199,
YX,926,Republic Airways,Regional/Commuter,1,Republic Airways Holdings,IND,US,01/01/2000,31/12/2199,
Z1,927,Airline Control Systems,Other,1,,,ZA,01/01/2000,31/12/2199,
Z2,928,Philippines Airasia,Low Cost Carrier,1,Capital A Berhad,MNL,PH,01/01/2000,31/12/2199,
Z3,929,Tanana Air Service,Regional/Commuter,1,,MCG,US,01/01/2000,31/12/2199,
Z4,930,Puma Air Linhas Aereas,Regional/Commuter,1,,BEL,BR,01/01/2000,31/12/2199,
Z7,931,Amaszonas Uruguay,Regional/Commuter,1,Amaszonas Group,MVD,UY,05/10/2016,31/12/2199,
Z8,932,Amaszonas,Regional/Commuter,1,Amaszonas Group,TDD,BO,01/01/2000,31/12/2199,
ZA,933,Sky Angkor Airlines,Charter,1,,REP,KH,01/01/2000,31/12/2199,
ZB,934,Air Albania,Full Service Carrier,1,,TIA,AL,14/09/2018,31/12/2199,
ZC,935,Royal Eswatini National Airways Corporation,,1,,,SZ,01/01/2018,31/12/2199,
ZD,936,Ewa Air,Regional/Commuter,1,,DZA,YT,29/10/2013,31/12/2199,
ZF,937,Azur Air,Charter,1,,,RU,01/02/2015,31/12/2199,
ZG,938,Zipair,Low Cost Carrier,1,Japan Airlines Co., Ltd.,NRT,JP,03/06/2020,31/12/2199,
ZH,939,Shenzhen Airlines,Full Service Carrier,1,Air China Limited,SZX,CN,19/09/1993,31/12/2199,
ZJ,940,Air Routing International L.P.,Other,1,,,US,01/01/2000,31/12/2199,
ZL,941,Regional Express (Rex),Regional/Commuter,1,Regional Express Holdings Limited,SYD,AU,01/01/2000,31/12/2199,
ZM,942,Air Manas,Low Cost Carrier,1,,FRU,KG,01/01/2000,31/12/2199,
ZN,943,Zambia Airways,Full Service Carrier,1,,LUN,ZM,01/11/2021,31/12/2199,
ZO,944,Colorful Yunnan General Aviation,Regional/Commuter,1,,,CN,01/01/2000,31/12/2199,
ZO,945,Zoom Air (India),Full Service Carrier,1,,DEL,IN,15/02/2017,31/12/2199,
ZP,946,Paranair,Full Service Carrier,1,,ASU,PY,15/10/2018,31/12/2199,
ZR,947,Aviacon Zito-Trans,Charter,1,,SVX,RU,01/01/2000,31/12/2199,
ZT,948,Titan Airways,Charter,1,,STN,GB,01/01/2000,31/12/2199,
ZT,949,Thai Eastar Jet,Low Cost Carrier,1,,BKK,TH,01/01/2000,31/12/2199,
ZU,950,Ethiopian Mozambique Airlines,Full Service Carrier,1,Ethiopian Airlines Group,MPM,MZ,01/12/2018,31/12/2199,
ZW,951,Air Wisconsin,Regional/Commuter,1,,ATW,US,01/01/2000,31/12/2199,
ZX,952,Pivot Airlines,Regional/Commuter,1,,YYZ,CA,01/01/2000,31/12/2199,
MI,953,Freebird Airlines Europe Ltd,Charter,1,,MLA,MT,20/02/2019,31/12/2199,
CC,954,Air Atlanta Icelandic,Charter,1,,KEF,IS,01/01/2000,31/12/2199,
GM,955,Tri-Mg Intra Asia Airlines,Charter,1,,CGK,ID,01/01/2000,31/12/2199,
EQ,956,Fly Angola,Full Service Carrier,1,,LAD,AO,01/01/2000,31/12/2199,
KI,957,Sks Airways,Regional/Commuter,1,,JHB,MY,25/01/2022,31/12/2199,
HH,958,Qanot Sharq Airlines,Full Service Carrier,1,,TAS,UZ,14/10/2021,31/12/2199,
G6,959,Global Crossing Airlines,Charter,1,,MIA,US,07/08/2021,31/12/2199,
HB,960,Greater Bay Airlines,Low Cost Carrier,1,,HKG,HK,01/01/2000,31/12/2199,
FS,961,Flyr,Low Cost Carrier,1,,OSL,NO,30/06/2021,31/12/2199,
XP,962,Avelo Airlines,Low Cost Carrier,1,,BUR,US,28/04/2021,31/12/2199,
MW,963,Connect Airlines,Regional/Commuter,0,,YTZ,CA,01/01/2000,31/12/2199,
IU,964,Super Air Jet,Low Cost Carrier,1,,CGK,ID,01/12/2021,31/12/2199,
4Y,965,Eurowings Discover,Low Cost Carrier,1,,FRA,DE,24/07/2021,31/12/2199,
EA,966,Emerald Airlines (Ireland),Regional/Commuter,1,,DUB,IE,26/02/2022,31/12/2199,
AZ,967,Italia Trasporto Aereo (Ita Airways),Full Service Carrier,1,,FCO,IT,15/10/2021,31/12/2199,
2W,968,World 2 Fly, S.L,Charter,1,,PMI,ES,01/01/2000,31/12/2199,
3P,969,World2Fly Portugal,Charter,1,,LIS,PT,04/06/2022,31/12/2199,
BD,970,Budget Lines Cargo,Charter,1,,DMK,TH,01/01/2000,31/12/2199,
BN,971,Luxwing Ltd,,1,,,MT,01/01/2000,31/12/2199,
DM,972,Arajet,Low Cost Carrier,1,,SDQ,DO,01/01/2000,31/12/2199,
DU,973,Sky Jet M.G. Inc,,1,,,CA,01/01/2021,31/12/2199,
F6,974,Fly2Sky,Charter,1,,SOF,BG,01/01/2000,31/12/2199,
GH,975,Galistair Trading Ltd,,1,,,MT,01/01/2000,31/12/2199,
H6,976,European Air Charter,Charter,1,,SOF,BG,01/01/2000,31/12/2199,
H7,977,Hisky,,1,,,MD,01/01/2000,31/12/2199,
JF,978,Ott Airlines,,1,,,CN,01/01/2000,31/12/2199,
KW,979,Llc Air Company Aerostan,Charter,1,,FRU,KG,01/01/2000,31/12/2199,
LI,980,Etf Airways D.O.O,,1,,,HR,01/01/2000,31/12/2199,
MW,981,Waltzing Matilda Aviation Llc,,1,,,US,01/01/2000,31/12/2199,
N6,982,Tca Airlines,,1,,,GE,01/01/2000,31/12/2199,
OJ,983,Nyxair Ou,Regional/Commuter,1,,TLL,EE,01/01/2000,31/12/2199,
ST,984,Air Thanlwin,,1,,,MM,01/01/2000,31/12/2199,
T2,985,Mcs Aerocarga De Mexico,,1,,,MX,01/01/2000,31/12/2199,
TQ,986,Tailwind Air,Regional/Commuter,1,,FRG,US,01/01/2000,31/12/2199,
U5,987,United Nigeria Airlines,Regional/Commuter,1,,ENU,NG,12/02/2021,31/12/2199,
WU,988,Western Air,Regional/Commuter,1,,FPO,BS,01/01/2000,31/12/2199,
YJ,989,Asian Express Aviation,,1,,,CN,01/01/2000,31/12/2199,
ZQ,990,German Airways Gmbh & Co.Kg,Charter,1,,CGN,DE,01/01/2000,31/12/2199,
KA,991,Aero Nomad,Regional/Commuter,1,,FRU,KG,01/01/2000,31/12/2199,
HN,992,Equair,Regional/Commuter,1,,UIO,EC,10/01/2022,31/12/2199,
N0,993,Norse Atlantic Airways,Low Cost Carrier,1,,OSL,NO,14/06/2022,31/12/2199,
YS,994,Flightlink Air Charters,Charter,1,,DAR,TZ,01/01/2000,31/12/2199,
7K,995,CSafe Global,,1,,,RU,01/09/2019,31/12/2199,
LZ,996,Air Link,Regional/Commuter,1,Regional Express Holdings Limited,DBO,AU,01/12/2019,31/12/2199,
JZ,997,Jetsmart Airlines Peru,Low Cost Carrier,1,Jetsmart Group,LIM,PE,14/06/2022,31/12/2199,
HE,998,Bar Aviation,Regional/Commuter,1,,,UG,01/10/2021,31/12/2199,
UN,999,East Coast Airlines,Charter,1,,,US,01/01/2022,31/12/2199,
HS,1000,Heli Securite Helicopter,Regional/Commuter,1,,,FR,01/01/2022,31/12/2199,
RN,1001,Aeronexus,Charter,1,,,ZA,01/11/2021,31/12/2199,
TF,1002,Bra - Braathens Regional Airlines,Charter,0,,BMA,SE,29/02/2016,31/12/2199,
X8,1003,Avion Express Malta,Charter,1,,MLA,MT,20/05/2019,31/12/2199,
OL,1004,Ultra Air,Low Cost Carrier,1,,MDE,CO,23/02/2022,31/12/2199,
HN,1005,Heston Airlines,Charter,1,,VNO,LT,01/01/2000,31/12/2199,
L5,1006,Red Air,Full Service Carrier,1,,SDQ,DO,01/01/2000,31/12/2199,
5G,1007,Shirak Avia,Regional/Commuter,1,,EVN,AM,01/01/2000,31/12/2199,
QP,1008,Akasa Air,Low Cost Carrier,1,,BOM,IN,01/07/2022,31/12/2199,
YI,1009,Oya International Airline,Full Service Carrier,1,,MJI,LY,01/01/2000,31/12/2199,
KK,1010,Leav Aviation,Charter,1,,CGN,DE,01/01/2000,31/12/2199,
AH,1011,Airhub Airlines,Charter,1,,MLA,MT,01/01/2000,31/12/2199,
2R,1012,Sunlight Air,Charter,1,,MNL,PH,24/12/2020,31/12/2199,
3F,1013,Flyone Armenia,Full Service Carrier,1,,EVN,AM,01/01/2000,31/12/2199,
4M,1014,Mavi Gok Havacilik As,,1,,AYT,TR,01/01/2000,31/12/2199,
4Q,1015,25Only Aviation,,1,,,DE,01/01/2000,31/12/2199,
AU,1016,Canada Jetlines,Low Cost Carrier,1,,YYZ,CA,01/01/2000,31/12/2199,
C9,1017,Cronos Airlines Benin,,1,,,BJ,01/01/2000,31/12/2199,
CT,1018,Air Atlanta Europe Ltd,,1,,,MT,01/01/2000,31/12/2199,
DC,1019,Air Georgia,,1,,,GE,01/01/2000,31/12/2199,
GH,1020,Aircompany Georgian Airlines,,1,,,GE,01/01/2000,31/12/2199,
IP,1021,Pelita Air Service,,1,,,ID,01/01/2000,31/12/2199,
KS,1022,Air Connect,,1,,,RO,01/01/2000,31/12/2199,
SE,1023,European Cargo Limited,,1,,,GB,01/01/2000,31/12/2199,
TD,1024,Usac Airways 695,,1,,,US,01/01/2000,31/12/2199,
U0,1025,Ultra Air S.A.S,,1,,,CO,01/01/2000,31/12/2199,
UH,1026,Jet Exchange,,1,,,GB,01/01/2000,31/12/2199,
XT,1027,Globus,,1,,,RU,01/01/2000,31/12/2199,
XZ,1028,Aeroitalia,Full Service Carrier,1,,FRL,IT,09/07/2022,31/12/2199,
ZS,1029,Aviation Horizons,,1,,,SA,01/01/2000,31/12/2199,
ZV,1030,Aerotransportes Rafilher,,1,,,MX,01/01/2000,31/12/2199,
9P,1031,Fly Jinnah,Low Cost Carrier,1,,KHI,PK,31/10/2022,31/12/2199,
VK,1032,Valuejet,Virtual Carrier,1,,LOS,NG,10/10/2022,31/12/2199,
E6,1033,Eurowings Europe Ltd.,,1,,,MT,01/01/2000,31/12/2199,
HG,1034,Hala Air,,1,,,LY,01/01/2000,31/12/2199,
LB,1035,Libyan Express,,1,,,LY,01/01/2000,31/12/2199,
RE,1036,Airhub Airlines Limited,,1,,,MT,01/01/2000,31/12/2199,
TD,1037,Tbilisi Airways Llc,,1,,,GE,01/01/2000,31/12/2199,
W4,1038,Wizz Air Malta,Low Cost Carrier,1,Wizz Air Group,MLA,MT,01/01/2000,31/12/2199,
W7,1039,Makers Air,,1,,,US,01/01/2000,31/12/2199,
E4,1040,Ata Aerotaxi Abaete Ltda,Charter,1,,SSA,BR,01/08/2020,31/12/2199,
9T,1041,Thai Summer Airways,Low Cost Carrier,1,,UTP,TH,01/07/2022,31/12/2199,
AB,1042,Bonza,Low Cost Carrier,1,,MCY,AU,01/01/2000,31/12/2199,
S2,1043,Sapsan Airline,,1,,,AE,01/01/2000,31/12/2199,
WP,1044,Wasaya Airways Lp,Regional/Commuter,1,,YQT,CA,01/01/2000,31/12/2199,
X6,1045,Challenge Air Cargo Ltd,,1,,,MT,01/01/2000,31/12/2199,
XN,1046,Manasik Aviation,Low Cost Carrier,1,,JED,SA,01/01/2000,31/12/2199,
Z0,1047,Norse Atlantic Uk,Low Cost Carrier,1,,LGW,GB,01/01/2000,31/12/2199,
Z9,1048,Myairline,Low Cost Carrier,1,,SZB,MY,01/12/2022,31/12/2199,
5P,1049,Panorama Airways,Charter,1,,TAS,UZ,22/12/2022,31/12/2199,
A0,1050,Ba Euroflyer Dba British Airways,,1,,,GB,01/01/2000,31/12/2199,
G6,1051,Fly Arna,Low Cost Carrier,1,,EVN,AM,03/07/2022,31/12/2199,
2A,1052,Air Astra,Regional/Commuter,1,,DAC,BD,24/11/2022,31/12/2199,
I7,1053,Indiaone Air,Regional/Commuter,1,,BBI,IN,31/10/2022,31/12/2199,
2S,1054,Southwind,Full Service Carrier,1,,AYT,TR,02/08/2022,31/12/2199,
RS,1055,Red Sea Airlines,Charter,1,,CAI,EG,25/09/2022,31/12/2199,
CW,1056,Skywest Charter Llc,,1,,,US,01/01/2000,31/12/2199,
D8,1057,Norwegian,,1,,,SE,01/01/2000,31/12/2199,
O8,1058,Marathon Airlines,Charter,1,,ATH,GR,01/01/2000,31/12/2199,
OE,1059,Fly One Airlines,,1,,,RO,01/01/2000,31/12/2199,
J0,1060,Buffalo Airways,Charter,1,,YZF,CA,02/02/2023,31/12/2199,
TT,1061,Braathens International Airways,Regional/Commuter,1,,BMA,SE,01/01/2000,31/12/2199,
BQ,1062,Sky Alps,Virtual Carrier,1,,BZO,IT,30/06/2021,31/12/2199,
C6,1063,My Freighter,,1,,,UZ,01/01/2000,31/12/2199,
DN,1064,Dan Air,Charter,1,,BBU,RO,01/01/2000,31/12/2199,
G2,1065,Gullivair,Charter,1,,,BG,11/03/2023,31/12/2199,
WH,1066,La Nueva Aerolinea,,1,,,PA,01/01/2000,31/12/2199,
8G,1067,Aero Dili,Regional/Commuter,1,,DIL,TL,30/08/2018,31/12/2199,
JI,1068,Armenian Airlines,Full Service Carrier,1,,EVN,AM,30/03/2023,31/12/2199,
Y9,1069,Lynx Air,Low Cost Carrier,1,Indigo Partners,YYC,CA,07/04/2022,31/12/2199,
B5,1070,Bbn Airlines,Charter,1,,AYT,TR,01/01/2000,31/12/2199,
UN,1071,Business Aviation Asia,,1,,,CN,01/01/2000,31/12/2199,
BM,1072,Medsky Airways,,1,,MRA,LY,20/04/2023,31/12/2199,
KW,1073,Kenai Aviation Operations,,1,,,US,01/01/2000,31/12/2199,
GW,1074,Costa Rica Green Airways,Charter,1,,SYQ,CR,25/04/2023,31/12/2199,
RN,1075,Eswatini Air,,1,,,SZ,01/01/2000,31/12/2199,
2N,1076,Smartlynx Airlines Malta,Charter,1,,MLA,MT,11/05/2023,31/12/2199,
DI,1077,Marabu Airlines Ou,Regional/Commuter,1,,HAM,EE,01/01/2000,31/12/2199,
ZU,1078,Azman Air Services,,1,,,NG,01/01/2000,31/12/2199,
FL,1079,Fly Lili,Charter,1,,SBZ,RO,01/01/2000,31/12/2199,
NM,1080,Natireva (Air Moana),Regional/Commuter,1,,PPT,PF,13/02/2023,31/12/2199,
U5,1081,Skyup Mt,Low Cost Carrier,1,,MLA,MT,01/01/2000,31/12/2199,
DJ,1082,Air Djibouti Sas,Full Service Carrier,1,,JIB,DJ,25/05/2023,31/12/2199,
S9,1083,Flybig,Regional/Commuter,1,,IDR,IN,25/05/2023,31/12/2199,
BV,1084,Toki Air,Low Cost Carrier,1,,KIJ,JP,01/01/2000,31/12/2199,
FA,1085,Freedom Ii,Charter,1,,RSW,BM,01/01/2000,31/12/2199,
FQ,1086,Crown Airlines,,1,,,LY,01/01/2000,31/12/2199,
LC,1087,La Costena,,1,,,NI,08/06/2023,31/12/2199,
R4,1088,Rano Air,,1,,,NG,01/01/2000,31/12/2199,
VO,1089,Universal Air Charter And Managemen,,1,,,MT,01/01/2000,31/12/2199,
RX,1090,Riyadh Air,Full Service Carrier,1,,RUH,SA,01/01/2000,31/12/2199,
XG,1091,USC GmbH,,1,,,MA,29/09/2023,31/12/2199,
TOM,1092,Desconocido,,1,,,00,29/09/2023,31/12/2199,
NVR,1093,Desconocido,,1,,,00,29/09/2023,31/12/2199,
BLX,1094,Desconocido,,1,,,00,29/09/2023,31/12/2199,
IG,1095,Desconocido,,1,,,00,29/09/2023,31/12/2199,
FHM,1096,Desconocido,,1,,,00,29/09/2023,31/12/2199,
9W,1097,Jet Airways,,1,,BOM,IN,29/09/2023,31/12/2199,
4X,1098,Avion Express Malta Ltd,,1,,,MT,06/06/2024,12/31/2199

