REGIONCODE,ID,SUBCONTINENTCODE,REGIONNAME,SUBCONTINENTNAME,CONTINENTCODE,CONTINENTNAME,ACTIVESTATUS,LOAD_TIME,LANGUAGE_KEY
AUQLD,1,OCEA,Queensland,Oceania,OC,Oceania,1,,2
US_FL,2,NAME,Florida,North America,AM,America,1,,2
BR_PR,3,SAME,Parana,South America,AM,America,1,,2
DENOR,4,WEUR,North Rhine Westphalia,Western Europe,EU,Europe,1,,2
BR_TO,5,SAME,Tocantins,South America,AM,America,1,,2
CNXIN,6,NEAS,Xinjiang,North East Asia,AS,Asia,1,,2
BR_MG,7,SAME,Minas Gerais,South America,AM,America,1,,2
ESCAM,8,SEUR,Castile la Mancha,Southern Europe,EU,Europe,1,,2
US_PA,9,NAME,Pennsylvania,North America,AM,America,1,,2
US_TX,10,NAME,Texas,North America,AM,America,1,,2
US_AK,11,NAME,Alaska,North America,AM,America,1,,2
US_NM,12,NAME,New Mexico,North America,AM,America,1,,2
US_SD,13,NAME,South Dakota,North America,AM,America,1,,2
AUNSW,14,OCEA,New South Wales,Oceania,OC,Oceania,1,,2
US_GA,15,NAME,Georgia,North America,AM,America,1,,2
GBSCO,16,NEUR,Scotland,Northern Europe,EU,Europe,1,,2
US_MI,17,NAME,Michigan,North America,AM,America,1,,2
ESCAN,18,SEUR,Canary Islands,Southern Europe,EU,Europe,1,,2
GBDEP,19,NEUR,UK Crown Dependencies,Northern Europe,EU,Europe,1,,2
US_MA,20,NAME,Massachusetts,North America,AM,America,1,,2
ESVAL,21,SEUR,Valencian Community,Southern Europe,EU,Europe,1,,2
US_CA,22,NAME,California,North America,AM,America,1,,2
CNGUI,23,NEAS,Guizhou,North East Asia,AS,Asia,1,,2
US_NJ,24,NAME,New Jersey,North America,AM,America,1,,2
AUSOA,25,OCEA,South Australia,Oceania,OC,Oceania,1,,2
US_OK,26,NAME,Oklahoma,North America,AM,America,1,,2
US_SC,27,NAME,South Carolina,North America,AM,America,1,,2
US_MD,28,NAME,Maryland,North America,AM,America,1,,2
CNGXI,29,NEAS,Guangxi,North East Asia,AS,Asia,1,,2
ESAND,30,SEUR,Andalusia,Southern Europe,EU,Europe,1,,2
US_MN,31,NAME,Minnesota,North America,AM,America,1,,2
AR_BA,32,SAME,Buenos Aires,South America,AM,America,1,,2
CNMOG,33,NEAS,Inner Mongolia,North East Asia,AS,Asia,1,,2
US_LA,34,NAME,Louisiana,North America,AM,America,1,,2
AR_MD,35,SAME,Mendoza,South America,AM,America,1,,2
US_CO,36,NAME,Colorado,North America,AM,America,1,,2
BR_MT,37,SAME,Mato Grosso,South America,AM,America,1,,2
US_NH,38,NAME,New Hampshire,North America,AM,America,1,,2
US_WY,39,NAME,Wyoming,North America,AM,America,1,,2
DEBAV,40,WEUR,Bavaria,Western Europe,EU,Europe,1,,2
DELOW,41,WEUR,Lower Saxony,Western Europe,EU,Europe,1,,2
FRAQU,42,WEUR,New Aquitaine,Western Europe,EU,Europe,1,,2
US_AR,43,NAME,Arkansas,North America,AM,America,1,,2
INTTH,44,SASI,Uttar Pradesh,South Asia,AS,Asia,1,,2
INLAK,45,SASI,Lakshadweep,South Asia,AS,Asia,1,,2
AUWEA,46,OCEA,Western Australia,Oceania,OC,Oceania,1,,2
US_NE,47,NAME,Nebraska,North America,AM,America,1,,2
US_WI,48,NAME,Wisconsin,North America,AM,America,1,,2
CNSIC,49,NEAS,Sichuan,North East Asia,AS,Asia,1,,2
US_OR,50,NAME,Oregon,North America,AM,America,1,,2
FRAUR,51,WEUR,Auvergne and Rhone-Alpes,Western Europe,EU,Europe,1,,2
US_IN,52,NAME,Indiana,North America,AM,America,1,,2
BR_SP,53,SAME,Sao Paulo,South America,AM,America,1,,2
US_IA,54,NAME,Iowa,North America,AM,America,1,,2
INPUN,55,SASI,Punjab,South Asia,AS,Asia,1,,2
US_AL,56,NAME,Alabama,North America,AM,America,1,,2
FRPRO,57,WEUR,Provence Alpes Cote d'Azur,Western Europe,EU,Europe,1,,2
US_MO,58,NAME,Missouri,North America,AM,America,1,,2
FRCOR,59,WEUR,Corsica,Western Europe,EU,Europe,1,,2
INMIZ,60,SASI,Mizoram,South Asia,AS,Asia,1,,2
BR_SE,61,SAME,Sergipe,South America,AM,America,1,,2
CNSHA,62,NEAS,Shaanxi,North East Asia,AS,Asia,1,,2
US_OH,63,NAME,Ohio,North America,AM,America,1,,2
INMAH,64,SASI,Maharashtra,South Asia,AS,Asia,1,,2
CA_QC,65,NAME,Quebec,North America,AM,America,1,,2
US_NY,66,NAME,New York,North America,AM,America,1,,2
US_IL,67,NAME,Illinois,North America,AM,America,1,,2
BR_RS,68,SAME,Rio Grande do Sul,South America,AM,America,1,,2
BR_PA,69,SAME,Para,South America,AM,America,1,,2
US_WA,70,NAME,Washington,North America,AM,America,1,,2
INGUJ,71,SASI,Gujarat,South Asia,AS,Asia,1,,2
AUNOT,72,OCEA,Northern Territory,Oceania,OC,Oceania,1,,2
FRPAY,73,WEUR,Pays de la Loire,Western Europe,EU,Europe,1,,2
US_KS,74,NAME,Kansas,North America,AM,America,1,,2
DETHU,75,WEUR,Thuringia,Western Europe,EU,Europe,1,,2
CNLIA,76,NEAS,Liaoning,North East Asia,AS,Asia,1,,2
AR_CR,77,SAME,Corrientes,South America,AM,America,1,,2
US_VA,78,NAME,Virginia,North America,AM,America,1,,2
CNANH,79,NEAS,Anhui,North East Asia,AS,Asia,1,,2
BR_AL,80,SAME,Alagoas,South America,AM,America,1,,2
BR_GO,81,SAME,Goias,South America,AM,America,1,,2
US_TN,82,NAME,Tennessee,North America,AM,America,1,,2
BR_MA,83,SAME,Maranhao,South America,AM,America,1,,2
AR_NE,84,SAME,Neuquen,South America,AM,America,1,,2
BR_RO,85,SAME,Rondonia,South America,AM,America,1,,2
AR_CB,86,SAME,Chubut,South America,AM,America,1,,2
BR_CE,87,SAME,Ceara,South America,AM,America,1,,2
AUVIC,88,OCEA,Victoria,Oceania,OC,Oceania,1,,2
US_NV,89,NAME,Nevada,North America,AM,America,1,,2
US_ND,90,NAME,North Dakota,North America,AM,America,1,,2
FRBUR,91,WEUR,Burgundy,Western Europe,EU,Europe,1,,2
US_ME,92,NAME,Maine,North America,AM,America,1,,2
ESCAL,93,SEUR,Castile and Leon,Southern Europe,EU,Europe,1,,2
US_NC,94,NAME,North Carolina,North America,AM,America,1,,2
US_AZ,95,NAME,Arizona,North America,AM,America,1,,2
US_HI,96,NAME,Hawaii,North America,AM,America,1,,2
BR_SC,97,SAME,Santa Catarina,South America,AM,America,1,,2
CNNAN,98,NEAS,Henan,North East Asia,AS,Asia,1,,2
CNJIA,99,NEAS,Jiangsu,North East Asia,AS,Asia,1,,2
CNGUA,100,NEAS,Guangdong,North East Asia,AS,Asia,1,,2
CNHAN,101,NEAS,Hainan,North East Asia,AS,Asia,1,,2
BR_AM,102,SAME,Amazonas,South America,AM,America,1,,2
DEMEC,103,WEUR,Mecklenburg Vorpommern,Western Europe,EU,Europe,1,,2
INODI,104,SASI,Odisha,South Asia,AS,Asia,1,,2
DERHI,105,WEUR,Rhineland Palatinate,Western Europe,EU,Europe,1,,2
GBENG,106,NEUR,England,Northern Europe,EU,Europe,1,,2
US_UT,107,NAME,Utah,North America,AM,America,1,,2
ESCAT,108,SEUR,Catalonia,Southern Europe,EU,Europe,1,,2
US_CT,109,NAME,Connecticut,North America,AM,America,1,,2
US_MT,110,NAME,Montana,North America,AM,America,1,,2
INDNI,111,SASI,Andhra Pradesh,South Asia,AS,Asia,1,,2
INKAR,112,SASI,Karnataka,South Asia,AS,Asia,1,,2
DEBER,113,WEUR,Berlin,Western Europe,EU,Europe,1,,2
FRBRI,114,WEUR,Brittany,Western Europe,EU,Europe,1,,2
ESBAS,115,SEUR,Basque Country,Southern Europe,EU,Europe,1,,2
CNYUN,116,NEAS,Yunnan,North East Asia,AS,Asia,1,,2
GBIRL,117,NEUR,Northern Ireland,Northern Europe,EU,Europe,1,,2
INMAD,118,SASI,Madhya Pradesh,South Asia,AS,Asia,1,,2
US_RI,119,NAME,Rhode Island,North America,AM,America,1,,2
US_MS,120,NAME,Mississippi,North America,AM,America,1,,2
CNBEJ,121,NEAS,Beijing,North East Asia,AS,Asia,1,,2
ESEXT,122,SEUR,Extremadura,Southern Europe,EU,Europe,1,,2
INRAJ,123,SASI,Rajasthan,South Asia,AS,Asia,1,,2
US_WV,124,NAME,West Virginia,North America,AM,America,1,,2
BR_BA,125,SAME,Bahia,South America,AM,America,1,,2
US_DC,126,NAME,District Of Columbia,North America,AM,America,1,,2
US_ID,127,NAME,Idaho,North America,AM,America,1,,2
FRFRA,128,WEUR,Franche Comte,Western Europe,EU,Europe,1,,2
FRCEN,129,WEUR,Centre,Western Europe,EU,Europe,1,,2
CNHEB,130,NEAS,Hebei,North East Asia,AS,Asia,1,,2
CNTIB,131,NEAS,Tibet,North East Asia,AS,Asia,1,,2
AR_RN,132,SAME,Rio Negro,South America,AM,America,1,,2
DEBRE,133,WEUR,Bremen,Western Europe,EU,Europe,1,,2
US_KY,134,NAME,Kentucky,North America,AM,America,1,,2
BR_DF,135,SAME,Federal District,South America,AM,America,1,,2
US_VT,136,NAME,Vermont,North America,AM,America,1,,2
FRILE,137,WEUR,Ile de France,Western Europe,EU,Europe,1,,2
BR_RR,138,SAME,Roraima,South America,AM,America,1,,2
AUTAS,139,OCEA,Tasmania,Oceania,OC,Oceania,1,,2
FRUPP,140,WEUR,Hauts-de-France,Western Europe,EU,Europe,1,,2
BR_MS,141,SAME,Mato Grosso do Sul,South America,AM,America,1,,2
BR_RJ,142,SAME,Rio de Janeiro,South America,AM,America,1,,2
FRLAN,143,WEUR,Occitania,Western Europe,EU,Europe,1,,2
BR_PE,144,SAME,Pernambuco,South America,AM,America,1,,2
INAND,145,SASI,Andaman and Nicobar Islands,South Asia,AS,Asia,1,,2
AUACT,146,OCEA,Australia Capital Territory,Oceania,OC,Oceania,1,,2
DEBRA,147,WEUR,Brandenburg,Western Europe,EU,Europe,1,,2
CNDON,148,NEAS,Shandong,North East Asia,AS,Asia,1,,2
INKER,149,SASI,Kerala,South Asia,AS,Asia,1,,2
INWES,150,SASI,West Bengal,South Asia,AS,Asia,1,,2
BR_ES,151,SAME,Espirito Santo,South America,AM,America,1,,2
FRNOR,152,WEUR,Normandy,Western Europe,EU,Europe,1,,2
CA_AB,153,NAME,Alberta,North America,AM,America,1,,2
CA_BC,154,NAME,British Columbia,North America,AM,America,1,,2
GBWAL,155,NEUR,Wales,Northern Europe,EU,Europe,1,,2
CNHUN,156,NEAS,Hunan,North East Asia,AS,Asia,1,,2
CNJIL,157,NEAS,Jilin,North East Asia,AS,Asia,1,,2
CNNXI,158,NEAS,Shanxi,North East Asia,AS,Asia,1,,2
INTAM,159,SASI,Tamil Nadu,South Asia,AS,Asia,1,,2
CNCHO,160,NEAS,Chongqing,North East Asia,AS,Asia,1,,2
AR_FO,161,SAME,Formosa,South America,AM,America,1,,2
FRALS,162,WEUR,Grand-Est,Western Europe,EU,Europe,1,,2
AR_CH,163,SAME,Chaco,South America,AM,America,1,,2
AR_ER,164,SAME,Entre Rios,South America,AM,America,1,,2
AR_CD,165,SAME,Cordoba,South America,AM,America,1,,2
BR_PB,166,SAME,Paraiba,South America,AM,America,1,,2
AR_SF,167,SAME,Santa Fe,South America,AM,America,1,,2
DEXAE,168,WEUR,Saxony Anhalt,Western Europe,EU,Europe,1,,2
AR_CA,169,SAME,Catamarca,South America,AM,America,1,,2
AR_SC,170,SAME,Santa Cruz,South America,AM,America,1,,2
BR_AC,171,SAME,Acre,South America,AM,America,1,,2
CNHEN,172,NEAS,Heilongjiang,North East Asia,AS,Asia,1,,2
CA_NT,173,NAME,Northwest Territories,North America,AM,America,1,,2
INJHA,174,SASI,Jharkhand,South Asia,AS,Asia,1,,2
INBIH,175,SASI,Bihar,South Asia,AS,Asia,1,,2
INUTT,176,SASI,Uttrakhand,South Asia,AS,Asia,1,,2
INDEL,177,SASI,Delhi,South Asia,AS,Asia,1,,2
INARU,178,SASI,Arunachal Pradesh,South Asia,AS,Asia,1,,2
CNZHE,179,NEAS,Zhejiang,North East Asia,AS,Asia,1,,2
INHIM,180,SASI,Himachal Pradesh,South Asia,AS,Asia,1,,2
ESCTB,181,SEUR,Cantabria,Southern Europe,EU,Europe,1,,2
INASS,182,SASI,Assam,South Asia,AS,Asia,1,,2
INDAM,183,SASI,Daman and Diu,South Asia,AS,Asia,1,,2
INNAG,184,SASI,Nagaland,South Asia,AS,Asia,1,,2
CNGAN,185,NEAS,Gansu,North East Asia,AS,Asia,1,,2
US_DE,186,NAME,Delaware,North America,AM,America,1,,2
DESAX,187,WEUR,Saxony,Western Europe,EU,Europe,1,,2
ESNAV,188,SEUR,Navarre,Southern Europe,EU,Europe,1,,2
CNHUB,189,NEAS,Hubei,North East Asia,AS,Asia,1,,2
AR_MI,190,SAME,Misiones,South America,AM,America,1,,2
ESMUR,191,SEUR,Murcia,Southern Europe,EU,Europe,1,,2
DESCH,192,WEUR,Schleswig Holstein,Western Europe,EU,Europe,1,,2
DEBAD,193,WEUR,Baden Wurttemberg,Western Europe,EU,Europe,1,,2
BR_PI,194,SAME,Piaui,South America,AM,America,1,,2
CNFUJ,195,NEAS,Fujian,North East Asia,AS,Asia,1,,2
DEHES,196,WEUR,Hesse,Western Europe,EU,Europe,1,,2
ESMAD,197,SEUR,Madrid Community,Southern Europe,EU,Europe,1,,2
CNQIN,198,NEAS,Qinghai,North East Asia,AS,Asia,1,,2
INGOA,199,SASI,Goa,South Asia,AS,Asia,1,,2
AR_LP,200,SAME,La Pampa,South America,AM,America,1,,2
CNNIN,201,NEAS,Ningxia,North East Asia,AS,Asia,1,,2
DEHAM,202,WEUR,Hamburg,Western Europe,EU,Europe,1,,2
ESARA,203,SEUR,Aragon,Southern Europe,EU,Europe,1,,2
INHAR,204,SASI,Haryana,South Asia,AS,Asia,1,,2
ESBAL,205,SEUR,Balearic Islands,Southern Europe,EU,Europe,1,,2
CA_MB,206,NAME,Manitoba,North America,AM,America,1,,2
INMAN,207,SASI,Manipur,South Asia,AS,Asia,1,,2
AR_LR,208,SAME,La Rioja,South America,AM,America,1,,2
INTRI,209,SASI,Tripura,South Asia,AS,Asia,1,,2
INCHA,210,SASI,Chandigarh,South Asia,AS,Asia,1,,2
INJAM,211,SASI,Jammu & Kashmir,South Asia,AS,Asia,1,,2
ESGAL,212,SEUR,Galicia,Southern Europe,EU,Europe,1,,2
ESCEU,213,SEUR,Ceuta,Southern Europe,EU,Europe,1,,2
CNJXI,214,NEAS,Jiangxi,North East Asia,AS,Asia,1,,2
INCHH,215,SASI,Chhattisgarh,South Asia,AS,Asia,1,,2
CA_NU,216,NAME,Nunavut,North America,AM,America,1,,2
AR_PJ,217,SAME,Jujuy,South America,AM,America,1,,2
CA_ON,218,NAME,Ontario,North America,AM,America,1,,2
ESRIO,219,SEUR,La Rioja,Southern Europe,EU,Europe,1,,2
AR_SL,220,SAME,San Luis,South America,AM,America,1,,2
BR_AP,221,SAME,Amapa,South America,AM,America,1,,2
ESMEL,222,SEUR,Melilla,Southern Europe,EU,Europe,1,,2
BR_RN,223,SAME,Rio Grande do Norte,South America,AM,America,1,,2
AR_SA,224,SAME,Salta,South America,AM,America,1,,2
ESAST,225,SEUR,Asturias,Southern Europe,EU,Europe,1,,2
INPUD,226,SASI,Puducherry,South Asia,AS,Asia,1,,2
CNSAN,227,NEAS,Shanghai,North East Asia,AS,Asia,1,,2
INSIK,228,SASI,Sikkim,South Asia,AS,Asia,1,,2
DESAA,229,WEUR,Saarland,Western Europe,EU,Europe,1,,2
DEGEN,230,WEUR,Generic,Western Europe,EU,Europe,1,,2
AR_TF,231,SAME,Tierra del Fuego,South America,AM,America,1,,2
AR_SE,232,SAME,Santiago del Estero,South America,AM,America,1,,2
INMEG,233,SASI,Meghalaya,South Asia,AS,Asia,1,,2
CNTIA,234,NEAS,Tianjin,North East Asia,AS,Asia,1,,2
AR_TU,235,SAME,Tucuman,South America,AM,America,1,,2
AR_SJ,236,SAME,San Juan,South America,AM,America,1,,2
CA_NB,237,NAME,New Brunswick,North America,AM,America,1,,2
CA_SK,238,NAME,Saskatchewan,North America,AM,America,1,,2
CA_NS,239,NAME,Nova Scotia,North America,AM,America,1,,2
CA_YT,240,NAME,Yukon,North America,AM,America,1,,2
CA_NL,241,NAME,Newfoundland and Labrador,North America,AM,America,1,,2
CA_PE,242,NAME,Prince Edward Island,North America,AM,America,1,,2
00_00,243,0000,Unkown,Unkown,00,Unkown,1,,2
AUQLD,1,OCEA,Queensland,Oceanía,OC,Oceanía,1,,1
US_FL,2,NAME,Florida,América del norte,AM,America,1,,1
BR_PR,3,SAME,Paraná,Sudamerica,AM,America,1,,1
DENOR,4,WEUR,Norte de Rhine-Westphalia,Europa Oriental,EU,Europa,1,,1
BR_TO,5,SAME,Tocantins,Sudamerica,AM,America,1,,1
CNXIN,6,NEAS,Sinkiang,Asia nororiental,AS,Asia,1,,1
BR_MG,7,SAME,Minas Gerais,Sudamerica,AM,America,1,,1
ESCAM,8,SEUR,Castilla la Mancha,Europa del sur,EU,Europa,1,,1
US_PA,9,NAME,Pensilvania,América del norte,AM,America,1,,1
US_TX,10,NAME,Texas,América del norte,AM,America,1,,1
US_AK,11,NAME,Alaska,América del norte,AM,America,1,,1
US_NM,12,NAME,Nuevo Mexico,América del norte,AM,America,1,,1
US_SD,13,NAME,Dakota del Sur,América del norte,AM,America,1,,1
AUNSW,14,OCEA,Nueva Gales del Sur,Oceanía,OC,Oceanía,1,,1
US_GA,15,NAME,Georgia,América del norte,AM,America,1,,1
GBSCO,16,NEUR,Escocia,Norte de Europa,EU,Europa,1,,1
US_MI,17,NAME,Michigan,América del norte,AM,America,1,,1
ESCAN,18,SEUR,Islas Canarias,Europa del sur,EU,Europa,1,,1
GBDEP,19,NEUR,Dependencias de la Corona del Reino Unido,Norte de Europa,EU,Europa,1,,1
US_MA,20,NAME,Massachusetts,América del norte,AM,America,1,,1
ESVAL,21,SEUR,Comunidad Valenciana,Europa del sur,EU,Europa,1,,1
US_CA,22,NAME,California,América del norte,AM,America,1,,1
CNGUI,23,NEAS,Guizhou,Asia nororiental,AS,Asia,1,,1
US_NJ,24,NAME,New Jersey,América del norte,AM,America,1,,1
AUSOA,25,OCEA,Sur de Australia,Oceanía,OC,Oceanía,1,,1
US_OK,26,NAME,Oklahoma,América del norte,AM,America,1,,1
US_SC,27,NAME,Carolina del Sur,América del norte,AM,America,1,,1
US_MD,28,NAME,Maryland,América del norte,AM,America,1,,1
CNGXI,29,NEAS,Guangxi,Asia nororiental,AS,Asia,1,,1
ESAND,30,SEUR,Andalucía,Europa del sur,EU,Europa,1,,1
US_MN,31,NAME,Minnesota,América del norte,AM,America,1,,1
AR_BA,32,SAME,Buenos Aires,Sudamerica,AM,America,1,,1
CNMOG,33,NEAS,Mongolia interior,Asia nororiental,AS,Asia,1,,1
US_LA,34,NAME,Luisiana,América del norte,AM,America,1,,1
AR_MD,35,SAME,Mendoza,Sudamerica,AM,America,1,,1
US_CO,36,NAME,Colorado,América del norte,AM,America,1,,1
BR_MT,37,SAME,Mato Grosso,Sudamerica,AM,America,1,,1
US_NH,38,NAME,Nuevo Hampshire,América del norte,AM,America,1,,1
US_WY,39,NAME,Wyoming,América del norte,AM,America,1,,1
DEBAV,40,WEUR,Baviera,Europa Oriental,EU,Europa,1,,1
DELOW,41,WEUR,Baja sajonia,Europa Oriental,EU,Europa,1,,1
FRAQU,42,WEUR,Nueva Aquitania,Europa Oriental,EU,Europa,1,,1
US_AR,43,NAME,Arkansas,América del norte,AM,America,1,,1
INTTH,44,SASI,Uttar Pradesh,Asia del Sur,AS,Asia,1,,1
INLAK,45,SASI,Lakshadweep,Asia del Sur,AS,Asia,1,,1
AUWEA,46,OCEA,El oeste de Australia,Oceanía,OC,Oceanía,1,,1
US_NE,47,NAME,Nebraska,América del norte,AM,America,1,,1
US_WI,48,NAME,Wisconsin,América del norte,AM,America,1,,1
CNSIC,49,NEAS,Sichuan,Asia nororiental,AS,Asia,1,,1
US_OR,50,NAME,Oregón,América del norte,AM,America,1,,1
FRAUR,51,WEUR,Auvernia y Ródano-Alpes,Europa Oriental,EU,Europa,1,,1
US_IN,52,NAME,Indiana,América del norte,AM,America,1,,1
BR_SP,53,SAME,Sao Paulo,Sudamerica,AM,America,1,,1
US_IA,54,NAME,Iowa,América del norte,AM,America,1,,1
INPUN,55,SASI,Punjab,Asia del Sur,AS,Asia,1,,1
US_AL,56,NAME,Alabama,América del norte,AM,America,1,,1
FRPRO,57,WEUR,Provenza Alpes Costa Azul,Europa Oriental,EU,Europa,1,,1
US_MO,58,NAME,Misuri,América del norte,AM,America,1,,1
FRCOR,59,WEUR,Córcega,Europa Oriental,EU,Europa,1,,1
INMIZ,60,SASI,Mizorán,Asia del Sur,AS,Asia,1,,1
BR_SE,61,SAME,Sergipe,Sudamerica,AM,America,1,,1
CNSHA,62,NEAS,Shaanxi,Asia nororiental,AS,Asia,1,,1
US_OH,63,NAME,Ohio,América del norte,AM,America,1,,1
INMAH,64,SASI,Maharastra,Asia del Sur,AS,Asia,1,,1
CA_QC,65,NAME,Quebec,América del norte,AM,America,1,,1
US_NY,66,NAME,Nueva York,América del norte,AM,America,1,,1
US_IL,67,NAME,Illinois,América del norte,AM,America,1,,1
BR_RS,68,SAME,Río Grande del Sur,Sudamerica,AM,America,1,,1
BR_PA,69,SAME,Paraca,Sudamerica,AM,America,1,,1
US_WA,70,NAME,Washington,América del norte,AM,America,1,,1
INGUJ,71,SASI,Guyarat,Asia del Sur,AS,Asia,1,,1
AUNOT,72,OCEA,Territorio del Norte,Oceanía,OC,Oceanía,1,,1
FRPAY,73,WEUR,Países del Loira,Europa Oriental,EU,Europa,1,,1
US_KS,74,NAME,Kansas,América del norte,AM,America,1,,1
DETHU,75,WEUR,Turingia,Europa Oriental,EU,Europa,1,,1
CNLIA,76,NEAS,Liaoning,Asia nororiental,AS,Asia,1,,1
AR_CR,77,SAME,Corrientes,Sudamerica,AM,America,1,,1
US_VA,78,NAME,Virginia,América del norte,AM,America,1,,1
CNANH,79,NEAS,Anhui,Asia nororiental,AS,Asia,1,,1
BR_AL,80,SAME,Alagoas,Sudamerica,AM,America,1,,1
BR_GO,81,SAME,Goiás,Sudamerica,AM,America,1,,1
US_TN,82,NAME,Tennesse,América del norte,AM,America,1,,1
BR_MA,83,SAME,Maranhão,Sudamerica,AM,America,1,,1
AR_NE,84,SAME,Neuquén,Sudamerica,AM,America,1,,1
BR_RO,85,SAME,Rondonia,Sudamerica,AM,America,1,,1
AR_CB,86,SAME,Chubut,Sudamerica,AM,America,1,,1
BR_CE,87,SAME,Ceará,Sudamerica,AM,America,1,,1
AUVIC,88,OCEA,Victoria,Oceanía,OC,Oceanía,1,,1
US_NV,89,NAME,Nevada,América del norte,AM,America,1,,1
US_ND,90,NAME,Dakota del Norte,América del norte,AM,America,1,,1
FRBUR,91,WEUR,borgoña,Europa Oriental,EU,Europa,1,,1
US_ME,92,NAME,Maine,América del norte,AM,America,1,,1
ESCAL,93,SEUR,Castilla y León,Europa del sur,EU,Europa,1,,1
US_NC,94,NAME,Carolina del Norte,América del norte,AM,America,1,,1
US_AZ,95,NAME,Arizona,América del norte,AM,America,1,,1
US_HI,96,NAME,Hawai,América del norte,AM,America,1,,1
BR_SC,97,SAME,Santa Catarina,Sudamerica,AM,America,1,,1
CNNAN,98,NEAS,Henán,Asia nororiental,AS,Asia,1,,1
CNJIA,99,NEAS,Jiangsu,Asia nororiental,AS,Asia,1,,1
CNGUA,100,NEAS,Cantón,Asia nororiental,AS,Asia,1,,1
CNHAN,101,NEAS,Hainan,Asia nororiental,AS,Asia,1,,1
BR_AM,102,SAME,amazonas,Sudamerica,AM,America,1,,1
DEMEC,103,WEUR,Mecklemburgo Pomerania Occidental,Europa Oriental,EU,Europa,1,,1
INODI,104,SASI,Odisha,Asia del Sur,AS,Asia,1,,1
DERHI,105,WEUR,Renania Palatinado,Europa Oriental,EU,Europa,1,,1
GBENG,106,NEUR,Inglaterra,Norte de Europa,EU,Europa,1,,1
US_UT,107,NAME,Utah,América del norte,AM,America,1,,1
ESCAT,108,SEUR,Cataluña,Europa del sur,EU,Europa,1,,1
US_CT,109,NAME,Connecticut,América del norte,AM,America,1,,1
US_MT,110,NAME,Montana,América del norte,AM,America,1,,1
INDNI,111,SASI,Andhra Pradesh,Asia del Sur,AS,Asia,1,,1
INKAR,112,SASI,karnataka,Asia del Sur,AS,Asia,1,,1
DEBER,113,WEUR,Berlina,Europa Oriental,EU,Europa,1,,1
FRBRI,114,WEUR,Bretaña,Europa Oriental,EU,Europa,1,,1
ESBAS,115,SEUR,país Vasco,Europa del sur,EU,Europa,1,,1
CNYUN,116,NEAS,Yunnan,Asia nororiental,AS,Asia,1,,1
GBIRL,117,NEUR,Irlanda del Norte,Norte de Europa,EU,Europa,1,,1
INMAD,118,SASI,Madhya Pradesh,Asia del Sur,AS,Asia,1,,1
US_RI,119,NAME,Rhode Island,América del norte,AM,America,1,,1
US_MS,120,NAME,Misisipí,América del norte,AM,America,1,,1
CNBEJ,121,NEAS,Beijing,Asia nororiental,AS,Asia,1,,1
ESEXT,122,SEUR,Extremadura,Europa del sur,EU,Europa,1,,1
INRAJ,123,SASI,Rajastán,Asia del Sur,AS,Asia,1,,1
US_WV,124,NAME,Virginia del Oeste,América del norte,AM,America,1,,1
BR_BA,125,SAME,Bahía,Sudamerica,AM,America,1,,1
US_DC,126,NAME,Distrito de Columbia,América del norte,AM,America,1,,1
US_ID,127,NAME,Idaho,América del norte,AM,America,1,,1
FRFRA,128,WEUR,Franco Condado,Europa Oriental,EU,Europa,1,,1
FRCEN,129,WEUR,Centro,Europa Oriental,EU,Europa,1,,1
CNHEB,130,NEAS,hebei,Asia nororiental,AS,Asia,1,,1
CNTIB,131,NEAS,Tíbet,Asia nororiental,AS,Asia,1,,1
AR_RN,132,SAME,Río Negro,Sudamerica,AM,America,1,,1
DEBRE,133,WEUR,Brema,Europa Oriental,EU,Europa,1,,1
US_KY,134,NAME,Kentucky,América del norte,AM,America,1,,1
BR_DF,135,SAME,Distrito Federal,Sudamerica,AM,America,1,,1
US_VT,136,NAME,Vermont,América del norte,AM,America,1,,1
FRILE,137,WEUR,Isla de Francia,Europa Oriental,EU,Europa,1,,1
BR_RR,138,SAME,Roraima,Sudamerica,AM,America,1,,1
AUTAS,139,OCEA,Tasmania,Oceanía,OC,Oceanía,1,,1
FRUPP,140,WEUR,Altos de Francia,Europa Oriental,EU,Europa,1,,1
BR_MS,141,SAME,Mato Grosso del Sur,Sudamerica,AM,America,1,,1
BR_RJ,142,SAME,Rio de Janeiro,Sudamerica,AM,America,1,,1
FRLAN,143,WEUR,Occitania,Europa Oriental,EU,Europa,1,,1
BR_PE,144,SAME,Pernambuco,Sudamerica,AM,America,1,,1
INAND,145,SASI,Islas Andamán y Nicobar,Asia del Sur,AS,Asia,1,,1
AUACT,146,OCEA,Territorio de la Capital de Australia,Oceanía,OC,Oceanía,1,,1
DEBRA,147,WEUR,Brandeburgo,Europa Oriental,EU,Europa,1,,1
CNDON,148,NEAS,Shandong,Asia nororiental,AS,Asia,1,,1
INKER,149,SASI,Kerala,Asia del Sur,AS,Asia,1,,1
INWES,150,SASI,al oeste de Bengala,Asia del Sur,AS,Asia,1,,1
BR_ES,151,SAME,Espíritu Santo,Sudamerica,AM,America,1,,1
FRNOR,152,WEUR,Normandía,Europa Oriental,EU,Europa,1,,1
CA_AB,153,NAME,Alberta,América del norte,AM,America,1,,1
CA_BC,154,NAME,Columbia Británica,América del norte,AM,America,1,,1
GBWAL,155,NEUR,Gales,Norte de Europa,EU,Europa,1,,1
CNHUN,156,NEAS,hunan,Asia nororiental,AS,Asia,1,,1
CNJIL,157,NEAS,Jilín,Asia nororiental,AS,Asia,1,,1
CNNXI,158,NEAS,Shanxi,Asia nororiental,AS,Asia,1,,1
INTAM,159,SASI,Tamil Nadu,Asia del Sur,AS,Asia,1,,1
CNCHO,160,NEAS,Chongqing,Asia nororiental,AS,Asia,1,,1
AR_FO,161,SAME,Formosa,Sudamerica,AM,America,1,,1
FRALS,162,WEUR,Gran Este,Europa Oriental,EU,Europa,1,,1
AR_CH,163,SAME,Chaco,Sudamerica,AM,America,1,,1
AR_ER,164,SAME,Entre Ríos,Sudamerica,AM,America,1,,1
AR_CD,165,SAME,Córdoba,Sudamerica,AM,America,1,,1
BR_PB,166,SAME,Paraíba,Sudamerica,AM,America,1,,1
AR_SF,167,SAME,Santa Fe,Sudamerica,AM,America,1,,1
DEXAE,168,WEUR,Sajonia Anhalt,Europa Oriental,EU,Europa,1,,1
AR_CA,169,SAME,Catamarca,Sudamerica,AM,America,1,,1
AR_SC,170,SAME,Santa Cruz,Sudamerica,AM,America,1,,1
BR_AC,171,SAME,Acre,Sudamerica,AM,America,1,,1
CNHEN,172,NEAS,Heilongjiang,Asia nororiental,AS,Asia,1,,1
CA_NT,173,NAME,Territorios del Noroeste,América del norte,AM,America,1,,1
INJHA,174,SASI,Jharkhand,Asia del Sur,AS,Asia,1,,1
INBIH,175,SASI,Bihar,Asia del Sur,AS,Asia,1,,1
INUTT,176,SASI,Uttrakhand,Asia del Sur,AS,Asia,1,,1
INDEL,177,SASI,Delhi,Asia del Sur,AS,Asia,1,,1
INARU,178,SASI,Arunachal Pradesh,Asia del Sur,AS,Asia,1,,1
CNZHE,179,NEAS,Zhejiang,Asia nororiental,AS,Asia,1,,1
INHIM,180,SASI,Himachal Pradesh,Asia del Sur,AS,Asia,1,,1
ESCTB,181,SEUR,Cantabria,Europa del sur,EU,Europa,1,,1
INASS,182,SASI,Assam,Asia del Sur,AS,Asia,1,,1
INDAM,183,SASI,Damán y Diu,Asia del Sur,AS,Asia,1,,1
INNAG,184,SASI,Nagalandia,Asia del Sur,AS,Asia,1,,1
CNGAN,185,NEAS,Gansu,Asia nororiental,AS,Asia,1,,1
US_DE,186,NAME,Delaware,América del norte,AM,America,1,,1
DESAX,187,WEUR,Sajonia,Europa Oriental,EU,Europa,1,,1
ESNAV,188,SEUR,Navarra,Europa del sur,EU,Europa,1,,1
CNHUB,189,NEAS,Hubei,Asia nororiental,AS,Asia,1,,1
AR_MI,190,SAME,Misiones,Sudamerica,AM,America,1,,1
ESMUR,191,SEUR,Murcia,Europa del sur,EU,Europa,1,,1
DESCH,192,WEUR,Schleswig Holstein,Europa Oriental,EU,Europa,1,,1
DEBAD,193,WEUR,Baden Wurtemberg,Europa Oriental,EU,Europa,1,,1
BR_PI,194,SAME,Piauí,Sudamerica,AM,America,1,,1
CNFUJ,195,NEAS,fujián,Asia nororiental,AS,Asia,1,,1
DEHES,196,WEUR,Hesse,Europa Oriental,EU,Europa,1,,1
ESMAD,197,SEUR,Comunidad de Madrid,Europa del sur,EU,Europa,1,,1
CNQIN,198,NEAS,Qinghai,Asia nororiental,AS,Asia,1,,1
INGOA,199,SASI,Ir a,Asia del Sur,AS,Asia,1,,1
AR_LP,200,SAME,La Pampa,Sudamerica,AM,America,1,,1
CNNIN,201,NEAS,Ningxia,Asia nororiental,AS,Asia,1,,1
DEHAM,202,WEUR,Hamburgo,Europa Oriental,EU,Europa,1,,1
ESARA,203,SEUR,Aragón,Europa del sur,EU,Europa,1,,1
INHAR,204,SASI,Haryana,Asia del Sur,AS,Asia,1,,1
ESBAL,205,SEUR,Islas Baleares,Europa del sur,EU,Europa,1,,1
CA_MB,206,NAME,manitoba,América del norte,AM,America,1,,1
INMAN,207,SASI,Manipur,Asia del Sur,AS,Asia,1,,1
AR_LR,208,SAME,Rioja,Sudamerica,AM,America,1,,1
INTRI,209,SASI,Tripura,Asia del Sur,AS,Asia,1,,1
INCHA,210,SASI,Chandigarh,Asia del Sur,AS,Asia,1,,1
INJAM,211,SASI,Jammu y Cachemira,Asia del Sur,AS,Asia,1,,1
ESGAL,212,SEUR,Galicia,Europa del sur,EU,Europa,1,,1
ESCEU,213,SEUR,Ceuta,Europa del sur,EU,Europa,1,,1
CNJXI,214,NEAS,Jiangxi,Asia nororiental,AS,Asia,1,,1
INCHH,215,SASI,Chattisgarh,Asia del Sur,AS,Asia,1,,1
CA_NU,216,NAME,Nunavut,América del norte,AM,America,1,,1
AR_PJ,217,SAME,Jujuy,Sudamerica,AM,America,1,,1
CA_ON,218,NAME,ontario,América del norte,AM,America,1,,1
ESRIO,219,SEUR,Rioja,Europa del sur,EU,Europa,1,,1
AR_SL,220,SAME,sanluis,Sudamerica,AM,America,1,,1
BR_AP,221,SAME,Amapá,Sudamerica,AM,America,1,,1
ESMEL,222,SEUR,Melilla,Europa del sur,EU,Europa,1,,1
BR_RN,223,SAME,Río Grande del Norte,Sudamerica,AM,America,1,,1
AR_SA,224,SAME,Salta,Sudamerica,AM,America,1,,1
ESAST,225,SEUR,Asturias,Europa del sur,EU,Europa,1,,1
INPUD,226,SASI,Puducherry,Asia del Sur,AS,Asia,1,,1
CNSAN,227,NEAS,Llevar a la fuerza,Asia nororiental,AS,Asia,1,,1
INSIK,228,SASI,Sikkim,Asia del Sur,AS,Asia,1,,1
DESAA,229,WEUR,Sarre,Europa Oriental,EU,Europa,1,,1
DEGEN,230,WEUR,Genérico,Europa Oriental,EU,Europa,1,,1
AR_TF,231,SAME,tierra del Fuego,Sudamerica,AM,America,1,,1
AR_SE,232,SAME,santiago del estero,Sudamerica,AM,America,1,,1
INMEG,233,SASI,Megalaya,Asia del Sur,AS,Asia,1,,1
CNTIA,234,NEAS,Tianjín,Asia nororiental,AS,Asia,1,,1
AR_TU,235,SAME,Tucumán,Sudamerica,AM,America,1,,1
AR_SJ,236,SAME,San Juan,Sudamerica,AM,America,1,,1
CA_NB,237,NAME,Nuevo Brunswick,América del norte,AM,America,1,,1
CA_SK,238,NAME,Saskatchewan,América del norte,AM,America,1,,1
CA_NS,239,NAME,nueva Escocia,América del norte,AM,America,1,,1
CA_YT,240,NAME,Yukón,América del norte,AM,America,1,,1
CA_NL,241,NAME,Newfoundland y Labrador,América del norte,AM,America,1,,1
CA_PE,242,NAME,Isla del Príncipe Eduardo,América del norte,AM,America,1,,1
00_00,243,0000,Desconocido,Desconocido,00,Desconocido,1,,1
AUQLD,1,OCEA,Queensland,Oceania,OC,Oceania,1,,3
US_FL,2,NAME,Florida,Amèrica del nord,AM,Amèrica,1,,3
BR_PR,3,SAME,Paranà,Sud Amèrica,AM,Amèrica,1,,3
DENOR,4,WEUR,Renània del Nord-Westfalia,Europa occidental,EU,Europa,1,,3
BR_TO,5,SAME,Tocantins,Sud Amèrica,AM,Amèrica,1,,3
CNXIN,6,NEAS,Xinjiang,Nord-est asiàtic,AS,Àsia,1,,3
BR_MG,7,SAME,Minas Gerais,Sud Amèrica,AM,Amèrica,1,,3
ESCAM,8,SEUR,Castella la Manxa,Sud d'Europa,EU,Europa,1,,3
US_PA,9,NAME,Pennsilvània,Amèrica del nord,AM,Amèrica,1,,3
US_TX,10,NAME,Texas,Amèrica del nord,AM,Amèrica,1,,3
US_AK,11,NAME,Alaska,Amèrica del nord,AM,Amèrica,1,,3
US_NM,12,NAME,Nou Mèxic,Amèrica del nord,AM,Amèrica,1,,3
US_SD,13,NAME,Dakota del Sud,Amèrica del nord,AM,Amèrica,1,,3
AUNSW,14,OCEA,Nova Gal·les del Sud,Oceania,OC,Oceania,1,,3
US_GA,15,NAME,Geòrgia,Amèrica del nord,AM,Amèrica,1,,3
GBSCO,16,NEUR,Escòcia,Nord d'Europa,EU,Europa,1,,3
US_MI,17,NAME,Michigan,Amèrica del nord,AM,Amèrica,1,,3
ESCAN,18,SEUR,Illes Canàries,Sud d'Europa,EU,Europa,1,,3
GBDEP,19,NEUR,Dependències de la Corona del Regne Unit,Nord d'Europa,EU,Europa,1,,3
US_MA,20,NAME,Massachusetts,Amèrica del nord,AM,Amèrica,1,,3
ESVAL,21,SEUR,Comunitat Valenciana,Sud d'Europa,EU,Europa,1,,3
US_CA,22,NAME,Califòrnia,Amèrica del nord,AM,Amèrica,1,,3
CNGUI,23,NEAS,Guizhou,Nord-est asiàtic,AS,Àsia,1,,3
US_NJ,24,NAME,Nova Jersey,Amèrica del nord,AM,Amèrica,1,,3
AUSOA,25,OCEA,Austràlia del Sud,Oceania,OC,Oceania,1,,3
US_OK,26,NAME,Oklahoma,Amèrica del nord,AM,Amèrica,1,,3
US_SC,27,NAME,Carolina del Sud,Amèrica del nord,AM,Amèrica,1,,3
US_MD,28,NAME,Maryland,Amèrica del nord,AM,Amèrica,1,,3
CNGXI,29,NEAS,Guangxi,Nord-est asiàtic,AS,Àsia,1,,3
ESAND,30,SEUR,Andalusia,Sud d'Europa,EU,Europa,1,,3
US_MN,31,NAME,Minnesota,Amèrica del nord,AM,Amèrica,1,,3
AR_BA,32,SAME,bons Aires,Sud Amèrica,AM,Amèrica,1,,3
CNMOG,33,NEAS,Mongòlia Interior,Nord-est asiàtic,AS,Àsia,1,,3
US_LA,34,NAME,Louisiana,Amèrica del nord,AM,Amèrica,1,,3
AR_MD,35,SAME,Mendoza,Sud Amèrica,AM,Amèrica,1,,3
US_CO,36,NAME,Colorado,Amèrica del nord,AM,Amèrica,1,,3
BR_MT,37,SAME,Mato Grosso,Sud Amèrica,AM,Amèrica,1,,3
US_NH,38,NAME,Nova Hampshire,Amèrica del nord,AM,Amèrica,1,,3
US_WY,39,NAME,Wyoming,Amèrica del nord,AM,Amèrica,1,,3
DEBAV,40,WEUR,Baviera,Europa occidental,EU,Europa,1,,3
DELOW,41,WEUR,Baixa Saxònia,Europa occidental,EU,Europa,1,,3
FRAQU,42,WEUR,Nova Aquitània,Europa occidental,EU,Europa,1,,3
US_AR,43,NAME,Arkansas,Amèrica del nord,AM,Amèrica,1,,3
INTTH,44,SASI,Uttar Pradesh,Àsia del Sud,AS,Àsia,1,,3
INLAK,45,SASI,Lakshadweep,Àsia del Sud,AS,Àsia,1,,3
AUWEA,46,OCEA,Austràlia Occidental,Oceania,OC,Oceania,1,,3
US_NE,47,NAME,Nebraska,Amèrica del nord,AM,Amèrica,1,,3
US_WI,48,NAME,Wisconsin,Amèrica del nord,AM,Amèrica,1,,3
CNSIC,49,NEAS,Sichuan,Nord-est asiàtic,AS,Àsia,1,,3
US_OR,50,NAME,Oregon,Amèrica del nord,AM,Amèrica,1,,3
FRAUR,51,WEUR,Alvèrnia i Roine-Alps,Europa occidental,EU,Europa,1,,3
US_IN,52,NAME,Indiana,Amèrica del nord,AM,Amèrica,1,,3
BR_SP,53,SAME,Sao Paulo,Sud Amèrica,AM,Amèrica,1,,3
US_IA,54,NAME,Iowa,Amèrica del nord,AM,Amèrica,1,,3
INPUN,55,SASI,Panjab,Àsia del Sud,AS,Àsia,1,,3
US_AL,56,NAME,Alabama,Amèrica del nord,AM,Amèrica,1,,3
FRPRO,57,WEUR,Provença Alps Costa Blava,Europa occidental,EU,Europa,1,,3
US_MO,58,NAME,Missouri,Amèrica del nord,AM,Amèrica,1,,3
FRCOR,59,WEUR,Còrsega,Europa occidental,EU,Europa,1,,3
INMIZ,60,SASI,Mizoram,Àsia del Sud,AS,Àsia,1,,3
BR_SE,61,SAME,Sergipe,Sud Amèrica,AM,Amèrica,1,,3
CNSHA,62,NEAS,Shaanxi,Nord-est asiàtic,AS,Àsia,1,,3
US_OH,63,NAME,Ohio,Amèrica del nord,AM,Amèrica,1,,3
INMAH,64,SASI,Maharashtra,Àsia del Sud,AS,Àsia,1,,3
CA_QC,65,NAME,Quebec,Amèrica del nord,AM,Amèrica,1,,3
US_NY,66,NAME,Nova York,Amèrica del nord,AM,Amèrica,1,,3
US_IL,67,NAME,Illinois,Amèrica del nord,AM,Amèrica,1,,3
BR_RS,68,SAME,Rio Grande do Sul,Sud Amèrica,AM,Amèrica,1,,3
BR_PA,69,SAME,Paràgraf,Sud Amèrica,AM,Amèrica,1,,3
US_WA,70,NAME,Washington,Amèrica del nord,AM,Amèrica,1,,3
INGUJ,71,SASI,Gujarat,Àsia del Sud,AS,Àsia,1,,3
AUNOT,72,OCEA,Territori del Nord,Oceania,OC,Oceania,1,,3
FRPAY,73,WEUR,País del Loira,Europa occidental,EU,Europa,1,,3
US_KS,74,NAME,Kansas,Amèrica del nord,AM,Amèrica,1,,3
DETHU,75,WEUR,Turíngia,Europa occidental,EU,Europa,1,,3
CNLIA,76,NEAS,Liaoning,Nord-est asiàtic,AS,Àsia,1,,3
AR_CR,77,SAME,Corrents,Sud Amèrica,AM,Amèrica,1,,3
US_VA,78,NAME,Virgínia,Amèrica del nord,AM,Amèrica,1,,3
CNANH,79,NEAS,Anhui,Nord-est asiàtic,AS,Àsia,1,,3
BR_AL,80,SAME,Alagoas,Sud Amèrica,AM,Amèrica,1,,3
BR_GO,81,SAME,Goias,Sud Amèrica,AM,Amèrica,1,,3
US_TN,82,NAME,Tennessee,Amèrica del nord,AM,Amèrica,1,,3
BR_MA,83,SAME,Maranhao,Sud Amèrica,AM,Amèrica,1,,3
AR_NE,84,SAME,Neuquen,Sud Amèrica,AM,Amèrica,1,,3
BR_RO,85,SAME,Rondònia,Sud Amèrica,AM,Amèrica,1,,3
AR_CB,86,SAME,Chubut,Sud Amèrica,AM,Amèrica,1,,3
BR_CE,87,SAME,Ceara,Sud Amèrica,AM,Amèrica,1,,3
AUVIC,88,OCEA,Victòria,Oceania,OC,Oceania,1,,3
US_NV,89,NAME,Nevada,Amèrica del nord,AM,Amèrica,1,,3
US_ND,90,NAME,Dakota del Nord,Amèrica del nord,AM,Amèrica,1,,3
FRBUR,91,WEUR,Borgonya,Europa occidental,EU,Europa,1,,3
US_ME,92,NAME,Maine,Amèrica del nord,AM,Amèrica,1,,3
ESCAL,93,SEUR,Castella i Lleó,Sud d'Europa,EU,Europa,1,,3
US_NC,94,NAME,Carolina del Nord,Amèrica del nord,AM,Amèrica,1,,3
US_AZ,95,NAME,Arizona,Amèrica del nord,AM,Amèrica,1,,3
US_HI,96,NAME,Hawaii,Amèrica del nord,AM,Amèrica,1,,3
BR_SC,97,SAME,Santa Catarina,Sud Amèrica,AM,Amèrica,1,,3
CNNAN,98,NEAS,Henan,Nord-est asiàtic,AS,Àsia,1,,3
CNJIA,99,NEAS,Jiangsu,Nord-est asiàtic,AS,Àsia,1,,3
CNGUA,100,NEAS,Guangdong,Nord-est asiàtic,AS,Àsia,1,,3
CNHAN,101,NEAS,Hainan,Nord-est asiàtic,AS,Àsia,1,,3
BR_AM,102,SAME,Amazones,Sud Amèrica,AM,Amèrica,1,,3
DEMEC,103,WEUR,Mecklenburg Vorpommern,Europa occidental,EU,Europa,1,,3
INODI,104,SASI,Odisha,Àsia del Sud,AS,Àsia,1,,3
DERHI,105,WEUR,Renània Palatinat,Europa occidental,EU,Europa,1,,3
GBENG,106,NEUR,Anglaterra,Nord d'Europa,EU,Europa,1,,3
US_UT,107,NAME,Utah,Amèrica del nord,AM,Amèrica,1,,3
ESCAT,108,SEUR,Catalunya,Sud d'Europa,EU,Europa,1,,3
US_CT,109,NAME,Connecticut,Amèrica del nord,AM,Amèrica,1,,3
US_MT,110,NAME,Montana,Amèrica del nord,AM,Amèrica,1,,3
INDNI,111,SASI,Andhra Pradesh,Àsia del Sud,AS,Àsia,1,,3
INKAR,112,SASI,Karnataka,Àsia del Sud,AS,Àsia,1,,3
DEBER,113,WEUR,Berlín,Europa occidental,EU,Europa,1,,3
FRBRI,114,WEUR,Bretanya,Europa occidental,EU,Europa,1,,3
ESBAS,115,SEUR,País Basc,Sud d'Europa,EU,Europa,1,,3
CNYUN,116,NEAS,Yunnan,Nord-est asiàtic,AS,Àsia,1,,3
GBIRL,117,NEUR,Irlanda del Nord,Nord d'Europa,EU,Europa,1,,3
INMAD,118,SASI,Madhya Pradesh,Àsia del Sud,AS,Àsia,1,,3
US_RI,119,NAME,Rhode Island,Amèrica del nord,AM,Amèrica,1,,3
US_MS,120,NAME,Mississipí,Amèrica del nord,AM,Amèrica,1,,3
CNBEJ,121,NEAS,Pequín,Nord-est asiàtic,AS,Àsia,1,,3
ESEXT,122,SEUR,Extremadura,Sud d'Europa,EU,Europa,1,,3
INRAJ,123,SASI,Rajasthan,Àsia del Sud,AS,Àsia,1,,3
US_WV,124,NAME,Virgínia Occidental,Amèrica del nord,AM,Amèrica,1,,3
BR_BA,125,SAME,Bahia,Sud Amèrica,AM,Amèrica,1,,3
US_DC,126,NAME,Districte de Columbia,Amèrica del nord,AM,Amèrica,1,,3
US_ID,127,NAME,Idaho,Amèrica del nord,AM,Amèrica,1,,3
FRFRA,128,WEUR,Franche Comte,Europa occidental,EU,Europa,1,,3
FRCEN,129,WEUR,Centre,Europa occidental,EU,Europa,1,,3
CNHEB,130,NEAS,Hebei,Nord-est asiàtic,AS,Àsia,1,,3
CNTIB,131,NEAS,Tibet,Nord-est asiàtic,AS,Àsia,1,,3
AR_RN,132,SAME,Rio Negro,Sud Amèrica,AM,Amèrica,1,,3
DEBRE,133,WEUR,Bremen,Europa occidental,EU,Europa,1,,3
US_KY,134,NAME,Kentucky,Amèrica del nord,AM,Amèrica,1,,3
BR_DF,135,SAME,Districte Federal,Sud Amèrica,AM,Amèrica,1,,3
US_VT,136,NAME,Vermont,Amèrica del nord,AM,Amèrica,1,,3
FRILE,137,WEUR,Illa de França,Europa occidental,EU,Europa,1,,3
BR_RR,138,SAME,Roraima,Sud Amèrica,AM,Amèrica,1,,3
AUTAS,139,OCEA,Tasmània,Oceania,OC,Oceania,1,,3
FRUPP,140,WEUR,Alts de França,Europa occidental,EU,Europa,1,,3
BR_MS,141,SAME,Mato Grosso do Sul,Sud Amèrica,AM,Amèrica,1,,3
BR_RJ,142,SAME,riu de Janeiro,Sud Amèrica,AM,Amèrica,1,,3
FRLAN,143,WEUR,Occitània,Europa occidental,EU,Europa,1,,3
BR_PE,144,SAME,Pernambuco,Sud Amèrica,AM,Amèrica,1,,3
INAND,145,SASI,Illes Andaman i Nicobar,Àsia del Sud,AS,Àsia,1,,3
AUACT,146,OCEA,Territori de la capital d'Austràlia,Oceania,OC,Oceania,1,,3
DEBRA,147,WEUR,Brandenburg,Europa occidental,EU,Europa,1,,3
CNDON,148,NEAS,Shandong,Nord-est asiàtic,AS,Àsia,1,,3
INKER,149,SASI,Kerala,Àsia del Sud,AS,Àsia,1,,3
INWES,150,SASI,Bengala Occidental,Àsia del Sud,AS,Àsia,1,,3
BR_ES,151,SAME,Esperit Sant,Sud Amèrica,AM,Amèrica,1,,3
FRNOR,152,WEUR,Normandia,Europa occidental,EU,Europa,1,,3
CA_AB,153,NAME,Alberta,Amèrica del nord,AM,Amèrica,1,,3
CA_BC,154,NAME,Columbia Britànica,Amèrica del nord,AM,Amèrica,1,,3
GBWAL,155,NEUR,Gal·les,Nord d'Europa,EU,Europa,1,,3
CNHUN,156,NEAS,Hunan,Nord-est asiàtic,AS,Àsia,1,,3
CNJIL,157,NEAS,Jilin,Nord-est asiàtic,AS,Àsia,1,,3
CNNXI,158,NEAS,Shanxi,Nord-est asiàtic,AS,Àsia,1,,3
INTAM,159,SASI,Tamil Nadu,Àsia del Sud,AS,Àsia,1,,3
CNCHO,160,NEAS,Chongqing,Nord-est asiàtic,AS,Àsia,1,,3
AR_FO,161,SAME,Formosa,Sud Amèrica,AM,Amèrica,1,,3
FRALS,162,WEUR,Grand-Est,Europa occidental,EU,Europa,1,,3
AR_CH,163,SAME,Chaco,Sud Amèrica,AM,Amèrica,1,,3
AR_ER,164,SAME,Entre Rios,Sud Amèrica,AM,Amèrica,1,,3
AR_CD,165,SAME,Còrdova,Sud Amèrica,AM,Amèrica,1,,3
BR_PB,166,SAME,Paraiba,Sud Amèrica,AM,Amèrica,1,,3
AR_SF,167,SAME,Santa Fe,Sud Amèrica,AM,Amèrica,1,,3
DEXAE,168,WEUR,Saxònia-Anhalt,Europa occidental,EU,Europa,1,,3
AR_CA,169,SAME,Catamarca,Sud Amèrica,AM,Amèrica,1,,3
AR_SC,170,SAME,Santa Creu,Sud Amèrica,AM,Amèrica,1,,3
BR_AC,171,SAME,Acre,Sud Amèrica,AM,Amèrica,1,,3
CNHEN,172,NEAS,Heilongjiang,Nord-est asiàtic,AS,Àsia,1,,3
CA_NT,173,NAME,Territoris del Nord-oest,Amèrica del nord,AM,Amèrica,1,,3
INJHA,174,SASI,Jharkhand,Àsia del Sud,AS,Àsia,1,,3
INBIH,175,SASI,Bihar,Àsia del Sud,AS,Àsia,1,,3
INUTT,176,SASI,Uttrakhand,Àsia del Sud,AS,Àsia,1,,3
INDEL,177,SASI,Delhi,Àsia del Sud,AS,Àsia,1,,3
INARU,178,SASI,Arunachal Pradesh,Àsia del Sud,AS,Àsia,1,,3
CNZHE,179,NEAS,Zhejiang,Nord-est asiàtic,AS,Àsia,1,,3
INHIM,180,SASI,Himachal Pradesh,Àsia del Sud,AS,Àsia,1,,3
ESCTB,181,SEUR,Cantàbria,Sud d'Europa,EU,Europa,1,,3
INASS,182,SASI,Assam,Àsia del Sud,AS,Àsia,1,,3
INDAM,183,SASI,Daman i Diu,Àsia del Sud,AS,Àsia,1,,3
INNAG,184,SASI,Nagaland,Àsia del Sud,AS,Àsia,1,,3
CNGAN,185,NEAS,Gansu,Nord-est asiàtic,AS,Àsia,1,,3
US_DE,186,NAME,Delaware,Amèrica del nord,AM,Amèrica,1,,3
DESAX,187,WEUR,Saxònia,Europa occidental,EU,Europa,1,,3
ESNAV,188,SEUR,Navarra,Sud d'Europa,EU,Europa,1,,3
CNHUB,189,NEAS,Hubei,Nord-est asiàtic,AS,Àsia,1,,3
AR_MI,190,SAME,Missions,Sud Amèrica,AM,Amèrica,1,,3
ESMUR,191,SEUR,Múrcia,Sud d'Europa,EU,Europa,1,,3
DESCH,192,WEUR,Schleswig Holstein,Europa occidental,EU,Europa,1,,3
DEBAD,193,WEUR,Baden Württemberg,Europa occidental,EU,Europa,1,,3
BR_PI,194,SAME,Piaui,Sud Amèrica,AM,Amèrica,1,,3
CNFUJ,195,NEAS,Fujian,Nord-est asiàtic,AS,Àsia,1,,3
DEHES,196,WEUR,Hesse,Europa occidental,EU,Europa,1,,3
ESMAD,197,SEUR,Comunitat de Madrid,Sud d'Europa,EU,Europa,1,,3
CNQIN,198,NEAS,Qinghai,Nord-est asiàtic,AS,Àsia,1,,3
INGOA,199,SASI,Goa,Àsia del Sud,AS,Àsia,1,,3
AR_LP,200,SAME,La Pampa,Sud Amèrica,AM,Amèrica,1,,3
CNNIN,201,NEAS,Ningxia,Nord-est asiàtic,AS,Àsia,1,,3
DEHAM,202,WEUR,Hamburg,Europa occidental,EU,Europa,1,,3
ESARA,203,SEUR,Aragó,Sud d'Europa,EU,Europa,1,,3
INHAR,204,SASI,Haryana,Àsia del Sud,AS,Àsia,1,,3
ESBAL,205,SEUR,Illes Balears,Sud d'Europa,EU,Europa,1,,3
CA_MB,206,NAME,Manitoba,Amèrica del nord,AM,Amèrica,1,,3
INMAN,207,SASI,Manipur,Àsia del Sud,AS,Àsia,1,,3
AR_LR,208,SAME,La Rioja,Sud Amèrica,AM,Amèrica,1,,3
INTRI,209,SASI,Tripura,Àsia del Sud,AS,Àsia,1,,3
INCHA,210,SASI,Chandigarh,Àsia del Sud,AS,Àsia,1,,3
INJAM,211,SASI,Jammu i Caixmir,Àsia del Sud,AS,Àsia,1,,3
ESGAL,212,SEUR,Galícia,Sud d'Europa,EU,Europa,1,,3
ESCEU,213,SEUR,Ceuta,Sud d'Europa,EU,Europa,1,,3
CNJXI,214,NEAS,Jiangxi,Nord-est asiàtic,AS,Àsia,1,,3
INCHH,215,SASI,Chhattisgarh,Àsia del Sud,AS,Àsia,1,,3
CA_NU,216,NAME,Nunavut,Amèrica del nord,AM,Amèrica,1,,3
AR_PJ,217,SAME,Jujuy,Sud Amèrica,AM,Amèrica,1,,3
CA_ON,218,NAME,Ontario,Amèrica del nord,AM,Amèrica,1,,3
ESRIO,219,SEUR,La Rioja,Sud d'Europa,EU,Europa,1,,3
AR_SL,220,SAME,Sant Lluís,Sud Amèrica,AM,Amèrica,1,,3
BR_AP,221,SAME,Amapa,Sud Amèrica,AM,Amèrica,1,,3
ESMEL,222,SEUR,Melilla,Sud d'Europa,EU,Europa,1,,3
BR_RN,223,SAME,Rio Grande do Norte,Sud Amèrica,AM,Amèrica,1,,3
AR_SA,224,SAME,Salta,Sud Amèrica,AM,Amèrica,1,,3
ESAST,225,SEUR,Astúries,Sud d'Europa,EU,Europa,1,,3
INPUD,226,SASI,Pondicherry,Àsia del Sud,AS,Àsia,1,,3
CNSAN,227,NEAS,Xangai,Nord-est asiàtic,AS,Àsia,1,,3
INSIK,228,SASI,Sikkim,Àsia del Sud,AS,Àsia,1,,3
DESAA,229,WEUR,Sarre,Europa occidental,EU,Europa,1,,3
DEGEN,230,WEUR,Genèric,Europa occidental,EU,Europa,1,,3
AR_TF,231,SAME,Terra del Foc,Sud Amèrica,AM,Amèrica,1,,3
AR_SE,232,SAME,Santiago del Estero,Sud Amèrica,AM,Amèrica,1,,3
INMEG,233,SASI,Meghalaya,Àsia del Sud,AS,Àsia,1,,3
CNTIA,234,NEAS,Tianjin,Nord-est asiàtic,AS,Àsia,1,,3
AR_TU,235,SAME,Tucuman,Sud Amèrica,AM,Amèrica,1,,3
AR_SJ,236,SAME,Sant Joan,Sud Amèrica,AM,Amèrica,1,,3
CA_NB,237,NAME,Nou Brunswick,Amèrica del nord,AM,Amèrica,1,,3
CA_SK,238,NAME,Saskatchewan,Amèrica del nord,AM,Amèrica,1,,3
CA_NS,239,NAME,Nova Escocia,Amèrica del nord,AM,Amèrica,1,,3
CA_YT,240,NAME,Yukon,Amèrica del nord,AM,Amèrica,1,,3
CA_NL,241,NAME,Terranova i Labrador,Amèrica del nord,AM,Amèrica,1,,3
CA_PE,242,NAME,Illa del Príncep Eduard,Amèrica del nord,AM,Amèrica,1,,3
00_00,243,0000,Desconegut,Desconegut,00,Desconegut,1,,3

